,id,terrestrial_date,sol,ls,month,min_temp,pressure
0,2,1867,10,155,6,-75.0,739.0
1,13,1867,11,156,6,-76.0,740.0
2,24,1867,12,156,6,-76.0,741.0
3,35,1867,13,157,6,-74.0,732.0
4,46,1867,14,157,6,-74.0,740.0
5,57,1867,15,158,6,-78.0,740.0
6,68,1867,16,158,6,-77.0,740.0
7,79,1867,17,159,6,-76.0,742.0
8,112,1867,21,161,6,-74.0,741.0
9,114,1867,22,162,6,-74.0,742.0
10,123,1867,23,162,6,-75.0,741.0
11,134,1867,24,163,6,-75.0,742.0
12,145,1867,25,163,6,-75.0,743.0
13,156,1867,26,164,6,-76.0,745.0
14,163,1867,27,164,6,-75.0,743.0
15,170,1867,28,165,6,-75.0,745.0
16,171,1867,29,166,6,-75.0,747.0
17,172,1867,30,166,6,-74.0,747.0
18,173,1867,31,167,6,-74.0,745.0
19,175,1867,33,168,6,-73.0,748.0
20,176,1867,34,168,6,-73.0,748.0
21,177,1867,35,169,6,-73.0,749.0
22,178,1867,36,169,6,-73.0,750.0
23,179,1867,37,170,6,-73.0,750.0
24,180,1867,38,171,6,-73.0,750.0
25,181,1867,39,171,6,-75.0,751.0
26,182,1867,40,172,6,-75.0,753.0
27,183,1867,41,172,6,-75.0,753.0
28,184,1867,42,173,6,-75.0,754.0
29,185,1867,43,173,6,-74.0,756.0
30,186,1867,44,174,6,-75.0,757.0
31,187,1867,45,175,6,-74.0,758.0
32,188,1867,46,175,6,-74.0,758.0
33,189,1867,47,176,6,-75.0,758.0
34,190,1867,48,176,6,-75.0,759.0
35,191,1867,49,177,6,-74.0,761.0
36,192,1867,50,177,6,-72.0,761.0
37,193,1867,51,178,6,-76.0,762.0
38,194,1867,52,179,6,-74.0,762.0
39,195,1867,53,179,6,-71.0,764.0
40,196,1867,54,180,7,-72.0,766.0
41,197,1867,55,180,7,-74.0,766.0
42,198,1867,56,181,7,-73.0,768.0
43,199,1867,57,181,7,-73.0,769.0
44,200,1867,58,182,7,-74.0,769.0
45,201,1867,59,183,7,-76.0,771.0
46,202,1867,60,183,7,-75.0,772.0
47,203,1867,61,184,7,-72.0,772.0
48,204,1867,62,184,7,-72.0,774.0
49,205,1867,63,185,7,-73.0,775.0
50,206,1867,64,186,7,-74.0,776.0
51,207,1867,65,186,7,-72.0,777.0
52,208,1867,66,187,7,-73.0,778.0
53,209,1867,67,187,7,-73.0,780.0
54,210,1867,68,188,7,-71.0,781.0
55,211,1867,69,189,7,-73.0,778.0
56,212,1867,70,189,7,-72.0,783.0
57,213,1867,71,190,7,-71.0,784.0
58,214,1867,72,190,7,-73.0,785.0
59,215,1867,73,191,7,-70.0,788.0
60,216,1867,74,192,7,-72.0,790.0
61,217,1867,75,192,7,-73.0,791.0
62,218,1867,76,193,7,-73.0,792.0
63,219,1867,77,193,7,-71.0,792.0
64,220,1867,78,194,7,-71.0,793.0
65,221,1867,79,195,7,-73.0,795.0
66,222,1867,80,195,7,-70.0,796.0
67,223,1867,81,196,7,-72.0,798.0
68,224,1867,82,196,7,-72.0,799.0
69,225,1867,83,197,7,-72.0,801.0
70,226,1867,84,198,7,-70.0,801.0
71,227,1867,85,198,7,-71.0,805.0
72,228,1867,86,199,7,-71.0,808.0
73,229,1867,87,199,7,-70.0,808.0
74,230,1867,88,200,7,-70.0,811.0
75,231,1867,89,201,7,-73.0,813.0
76,233,1867,90,201,7,-71.0,813.0
77,234,1867,91,202,7,-74.0,817.0
78,235,1867,92,202,7,-74.0,820.0
79,236,1867,93,203,7,-72.0,819.0
80,237,1867,94,204,7,-70.0,822.0
81,238,1867,95,204,7,-68.0,822.0
82,239,1867,96,205,7,-71.0,826.0
83,240,1867,97,206,7,-68.0,828.0
84,241,1867,98,206,7,-68.0,828.0
85,242,1867,99,207,7,-68.0,829.0
86,3,1867,100,207,7,-66.0,829.0
87,4,1867,101,208,7,-65.0,830.0
88,5,1867,102,209,7,-67.0,833.0
89,6,1867,103,209,7,-66.0,836.0
90,7,1867,104,210,8,-67.0,838.0
91,8,1867,105,211,8,-66.0,839.0
92,9,1867,106,211,8,-66.0,841.0
93,10,1867,107,212,8,-66.0,844.0
94,11,1867,108,212,8,-65.0,845.0
95,12,1867,109,213,8,-64.0,844.0
96,14,1867,110,214,8,-65.0,848.0
97,15,1867,111,214,8,-66.0,849.0
98,16,1867,112,215,8,-65.0,852.0
99,17,1867,113,216,8,-66.0,857.0
100,18,1867,114,216,8,-69.0,857.0
101,19,1867,115,217,8,-66.0,857.0
102,20,1867,116,217,8,-67.0,859.0
103,21,1867,117,218,8,-66.0,861.0
104,22,1867,118,219,8,-65.0,864.0
105,23,1867,119,219,8,-66.0,866.0
106,25,1867,120,220,8,-67.0,867.0
107,26,1867,121,221,8,-66.0,869.0
108,27,1867,122,221,8,-65.0,869.0
109,28,1867,123,222,8,-66.0,875.0
110,29,1867,124,223,8,-66.0,876.0
111,30,1867,125,223,8,-68.0,880.0
112,31,1867,126,224,8,-66.0,880.0
113,32,1867,127,224,8,-67.0,884.0
114,33,1867,128,225,8,-67.0,883.0
115,34,1867,129,226,8,-65.0,886.0
116,36,1867,130,226,8,-65.0,888.0
117,37,1867,131,227,8,-65.0,889.0
118,38,1867,132,228,8,-65.0,890.0
119,39,1867,133,228,8,-65.0,891.0
120,40,1867,134,229,8,-67.0,893.0
121,41,1867,135,230,8,-65.0,894.0
122,42,1867,136,230,8,-65.0,897.0
123,43,1867,137,231,8,-64.0,896.0
124,44,1867,138,232,8,-65.0,899.0
125,45,1867,139,232,8,-66.0,899.0
126,47,1867,140,233,8,-66.0,903.0
127,48,1867,141,233,8,-64.0,904.0
128,49,1867,142,234,8,-65.0,906.0
129,50,1867,143,235,8,-63.0,908.0
130,51,1867,144,235,8,-64.0,907.0
131,52,1867,145,236,8,-64.0,909.0
132,53,1867,146,237,8,-65.0,908.0
133,54,1867,147,237,8,-65.0,914.0
134,55,1867,148,238,8,-65.0,912.0
135,56,1867,149,239,8,-65.0,914.0
136,58,1867,150,239,8,-64.0,913.0
137,59,1867,151,240,9,-65.0,915.0
138,60,1867,152,241,9,-63.0,914.0
139,61,1867,153,241,9,-65.0,915.0
140,62,1867,154,242,9,-65.0,917.0
141,63,1867,155,243,9,-64.0,917.0
142,64,1867,156,243,9,-65.0,922.0
143,65,1867,157,244,9,-64.0,920.0
144,66,1867,158,245,9,-66.0,922.0
145,67,1867,159,245,9,-65.0,918.0
146,69,1867,160,246,9,-67.0,919.0
147,70,1867,161,246,9,-65.0,919.0
148,71,1867,162,247,9,-65.0,919.0
149,72,1867,163,248,9,-65.0,919.0
150,73,1867,164,248,9,-64.0,919.0
151,74,1867,165,249,9,-65.0,922.0
152,75,1867,166,250,9,-65.0,922.0
153,76,1867,167,250,9,-65.0,920.0
154,77,1867,168,251,9,-66.0,923.0
155,78,1867,169,252,9,-66.0,922.0
156,80,1867,170,252,9,-66.0,925.0
157,81,1867,171,253,9,-67.0,925.0
158,82,1867,172,254,9,-67.0,923.0
159,83,1867,173,254,9,-67.0,920.0
160,84,1867,174,255,9,-67.0,921.0
161,85,1867,175,256,9,-68.0,921.0
162,86,1867,176,256,9,-67.0,920.0
163,87,1867,177,257,9,-66.0,921.0
164,88,1867,178,258,9,-66.0,920.0
165,89,1867,179,258,9,-66.0,920.0
166,91,1867,180,259,9,-67.0,919.0
167,92,1867,181,260,9,-67.0,918.0
168,93,1867,182,260,9,-67.0,921.0
169,94,1867,183,261,9,-67.0,921.0
170,95,1867,184,261,9,-67.0,923.0
171,96,1867,185,262,9,-67.0,923.0
172,97,1867,186,263,9,-66.0,922.0
173,98,1867,187,263,9,-67.0,921.0
174,99,1867,188,264,9,-68.0,920.0
175,100,1867,189,265,9,-68.0,920.0
176,102,1867,190,265,9,-66.0,917.0
177,103,1867,191,266,9,-67.0,921.0
178,106,1867,196,269,9,-66.0,916.0
179,107,1867,197,270,10,-68.0,915.0
180,108,1867,198,271,10,-67.0,914.0
181,109,1867,199,271,10,-66.0,917.0
182,116,1867,223,287,10,-71.0,895.0
183,117,1867,224,287,10,-69.0,894.0
184,118,1867,225,288,10,-71.0,894.0
185,119,1867,226,288,10,-70.0,894.0
186,120,1867,227,289,10,-70.0,892.0
187,121,1867,228,290,10,-71.0,894.0
188,122,1867,229,290,10,-69.0,894.0
189,124,1867,230,291,10,-69.0,888.0
190,125,1867,231,292,10,-71.0,890.0
191,126,1867,232,292,10,-69.0,888.0
192,127,1867,233,293,10,-69.0,889.0
193,128,1867,234,293,10,-69.0,890.0
194,129,1867,235,294,10,-70.0,886.0
195,130,1867,236,295,10,-72.0,886.0
196,131,1867,237,295,10,-71.0,883.0
197,132,1867,238,296,10,-70.0,885.0
198,133,1867,239,297,10,-73.0,885.0
199,135,1867,240,297,10,-70.0,884.0
200,136,1867,241,298,10,-72.0,884.0
201,137,1867,242,298,10,-70.0,881.0
202,138,1867,243,299,10,-71.0,884.0
203,139,1867,244,300,11,-69.0,878.0
204,140,1867,245,300,11,-70.0,879.0
205,141,1867,246,301,11,-73.0,878.0
206,142,1867,247,301,11,-71.0,873.0
207,143,1867,248,302,11,-70.0,877.0
208,144,1867,249,303,11,-69.0,873.0
209,146,1867,250,303,11,-70.0,877.0
210,147,1867,251,304,11,-71.0,876.0
211,148,1867,252,304,11,-71.0,874.0
212,149,1867,253,305,11,-71.0,877.0
213,150,1867,254,306,11,-70.0,871.0
214,151,1867,255,306,11,-69.0,877.0
215,152,1867,256,307,11,-70.0,871.0
216,153,1867,257,308,11,-70.0,871.0
217,154,1867,258,308,11,-71.0,869.0
218,155,1867,259,309,11,-72.0,871.0
219,157,1867,260,309,11,-70.0,875.0
220,158,1867,261,310,11,-70.0,868.0
221,161,1867,268,314,11,-70.0,864.0
222,162,1867,269,315,11,-72.0,866.0
223,164,1867,270,315,11,-67.0,863.0
224,165,1867,271,316,11,-69.0,864.0
225,166,1867,272,316,11,-71.0,864.0
226,167,1867,273,317,11,-70.0,861.0
227,168,1867,274,318,11,-70.0,861.0
228,169,1867,275,318,11,-67.0,860.0
229,244,1867,276,319,11,-69.0,858.0
230,245,1867,277,319,11,-69.0,857.0
231,246,1867,278,320,11,-67.0,855.0
232,247,1867,279,321,11,-68.0,856.0
233,248,1867,280,321,11,-69.0,856.0
234,249,1867,281,322,11,-68.0,855.0
235,250,1867,282,322,11,-72.0,856.0
236,251,1867,283,323,11,-68.0,854.0
237,252,1867,284,323,11,-71.0,854.0
238,253,1867,285,324,11,-70.0,852.0
239,254,1867,286,325,11,-71.0,854.0
240,255,1867,287,325,11,-72.0,856.0
241,256,1867,288,326,11,-69.0,854.0
242,257,1867,289,326,11,-71.0,854.0
243,258,1867,290,327,11,-71.0,853.0
244,259,1867,291,327,11,-70.0,853.0
245,260,1867,292,328,11,-71.0,853.0
246,261,1867,293,329,11,-72.0,850.0
247,262,1867,294,329,11,-72.0,852.0
248,263,1867,295,330,12,-71.0,853.0
249,264,1867,296,330,12,-71.0,850.0
250,265,1867,297,331,12,-72.0,849.0
251,266,1867,298,331,12,-72.0,850.0
252,267,1867,299,332,12,-71.0,849.0
253,286,1867,300,333,12,-72.0,852.0
254,276,1867,301,333,12,-73.0,852.0
255,287,1867,302,334,12,-71.0,850.0
256,283,1867,303,334,12,-71.0,849.0
257,281,1867,304,335,12,-70.0,848.0
258,275,1867,305,335,12,-71.0,847.0
259,280,1867,306,336,12,-71.0,848.0
260,279,1867,307,336,12,-72.0,851.0
261,282,1867,308,337,12,-73.0,850.0
262,284,1867,309,338,12,-72.0,848.0
263,278,1867,310,338,12,-71.0,849.0
264,277,1867,311,339,12,-74.0,846.0
265,285,1867,312,339,12,-71.0,845.0
266,274,1867,313,340,12,-77.0,849.0
267,272,1867,314,340,12,-73.0,848.0
268,273,1867,315,341,12,-74.0,850.0
269,288,1867,316,341,12,-74.0,851.0
270,268,1867,317,342,12,-72.0,849.0
271,270,1867,318,342,12,-74.0,849.0
272,271,1867,319,343,12,-73.0,847.0
273,269,1867,320,344,12,-74.0,846.0
274,289,1867,321,344,12,-75.0,847.0
275,291,1867,322,345,12,-74.0,849.0
276,290,1867,323,345,12,-74.0,847.0
277,292,1867,324,346,12,-75.0,850.0
278,294,1867,325,346,12,-74.0,847.0
279,295,1867,326,347,12,-72.0,848.0
280,296,1867,327,347,12,-74.0,848.0
281,293,1867,328,348,12,-75.0,847.0
282,298,1867,329,348,12,-74.0,847.0
283,297,1867,330,349,12,-75.0,848.0
284,303,1867,331,349,12,-74.0,848.0
285,300,1867,332,350,12,-76.0,849.0
286,299,1867,333,350,12,-75.0,849.0
287,301,1867,334,351,12,-74.0,852.0
288,302,1867,335,352,12,-76.0,852.0
289,305,1867,336,352,12,-76.0,852.0
290,304,1867,337,353,12,-75.0,853.0
291,306,1867,338,353,12,-78.0,848.0
292,308,1867,339,354,12,-76.0,849.0
293,307,1867,340,354,12,-76.0,851.0
294,310,1867,341,355,12,-77.0,852.0
295,309,1867,342,355,12,-76.0,851.0
296,311,1867,343,356,12,-77.0,850.0
297,317,1867,344,356,12,-77.0,851.0
298,312,1867,345,357,12,-77.0,853.0
299,314,1867,346,357,12,-76.0,853.0
300,313,1867,347,358,12,-77.0,851.0
301,315,1867,348,358,12,-74.0,850.0
302,316,1867,349,359,12,-75.0,852.0
303,318,1867,350,359,12,-76.0,853.0
304,320,1867,351,0,1,-75.0,853.0
305,319,1867,352,0,1,-77.0,854.0
306,323,1867,353,1,1,-75.0,855.0
307,322,1867,354,1,1,-75.0,857.0
308,321,1867,355,2,1,-75.0,857.0
309,324,1867,356,2,1,-77.0,856.0
310,325,1867,357,3,1,-76.0,857.0
311,326,1867,366,7,1,-76.0,861.0
312,328,1867,367,8,1,-76.0,862.0
313,330,1867,368,8,1,-77.0,863.0
314,331,1867,369,9,1,-75.0,865.0
315,332,1867,370,9,1,-79.0,865.0
316,333,1867,371,10,1,-77.0,865.0
317,334,1867,372,10,1,-76.0,866.0
318,335,1867,373,11,1,-79.0,866.0
319,337,1867,374,11,1,-79.0,866.0
320,336,1867,375,12,1,-77.0,867.0
321,340,1867,376,12,1,-78.0,870.0
322,338,1867,377,13,1,-78.0,870.0
323,339,1867,378,13,1,-78.0,869.0
324,341,1867,379,14,1,-79.0,870.0
325,343,1867,380,14,1,-79.0,870.0
326,345,1867,381,15,1,-79.0,871.0
327,344,1867,382,15,1,-76.0,872.0
328,342,1867,383,16,1,-77.0,874.0
329,346,1867,384,16,1,-77.0,875.0
330,351,1867,385,17,1,-78.0,874.0
331,347,1867,386,17,1,-77.0,873.0
332,349,1867,387,18,1,-78.0,874.0
333,350,1867,388,18,1,-79.0,875.0
334,348,1867,389,19,1,-79.0,875.0
335,352,1867,390,19,1,-78.0,875.0
336,353,1867,391,20,1,-78.0,875.0
337,354,1867,392,20,1,-77.0,876.0
338,355,1867,393,21,1,-76.0,877.0
339,356,1867,394,21,1,-79.0,878.0
340,357,1867,395,22,1,-77.0,878.0
341,358,1867,396,22,1,-78.0,879.0
342,359,1867,397,23,1,-75.0,880.0
343,360,1867,398,23,1,-79.0,880.0
344,361,1867,399,24,1,-79.0,881.0
345,363,1867,400,24,1,-79.0,881.0
346,362,1867,401,25,1,-79.0,882.0
347,365,1867,402,25,1,-78.0,883.0
348,364,1867,403,25,1,-80.0,883.0
349,367,1867,404,26,1,-78.0,884.0
350,366,1867,405,26,1,-82.0,885.0
351,374,1867,406,27,1,-81.0,886.0
352,370,1867,407,27,1,-81.0,887.0
353,369,1867,408,28,1,-80.0,887.0
354,368,1867,409,28,1,-81.0,887.0
355,373,1867,410,29,1,-81.0,888.0
356,372,1867,411,29,1,-82.0,887.0
357,371,1867,412,30,2,-80.0,888.0
358,376,1867,413,30,2,-82.0,888.0
359,375,1867,414,31,2,-79.0,889.0
360,377,1867,415,31,2,-82.0,890.0
361,378,1867,416,32,2,-79.0,889.0
362,379,1867,417,32,2,-82.0,890.0
363,380,1867,418,33,2,-79.0,891.0
364,381,1867,419,33,2,-82.0,891.0
365,385,1867,420,33,2,-80.0,892.0
366,382,1867,421,34,2,-81.0,890.0
367,384,1867,422,34,2,-82.0,891.0
368,383,1867,423,35,2,-81.0,892.0
369,386,1867,424,35,2,-81.0,893.0
370,393,1867,425,36,2,-81.0,893.0
371,388,1867,426,36,2,-79.0,893.0
372,392,1867,427,37,2,-81.0,893.0
373,391,1867,428,37,2,-81.0,894.0
374,387,1867,429,38,2,-82.0,895.0
375,390,1867,430,38,2,-82.0,896.0
376,389,1867,431,39,2,-83.0,895.0
377,395,1867,432,39,2,-80.0,896.0
378,394,1867,433,40,2,-81.0,895.0
379,397,1867,434,40,2,-80.0,896.0
380,396,1867,435,40,2,-81.0,896.0
381,398,1867,436,41,2,-81.0,897.0
382,399,1867,437,41,2,-82.0,898.0
383,400,1867,438,42,2,-79.0,899.0
384,401,1867,439,42,2,-80.0,899.0
385,404,1867,440,43,2,-80.0,899.0
386,402,1867,441,43,2,-81.0,900.0
387,405,1867,442,44,2,-80.0,900.0
388,403,1867,443,44,2,-81.0,901.0
389,407,1867,455,50,2,-84.0,905.0
390,406,1867,456,50,2,-83.0,905.0
391,409,1867,463,53,2,-86.0,906.0
392,410,1867,464,54,2,-84.0,906.0
393,412,1867,465,54,2,-85.0,906.0
394,415,1867,466,55,2,-85.0,907.0
395,411,1867,467,55,2,-84.0,907.0
396,414,1867,468,55,2,-85.0,907.0
397,413,1867,469,56,2,-85.0,908.0
398,475,1867,470,56,2,-85.0,907.0
399,479,1867,471,57,2,-84.0,906.0
400,416,1867,472,57,2,-84.0,907.0
401,417,1867,473,58,2,-86.0,907.0
402,420,1867,474,58,2,-84.0,906.0
403,419,1867,475,59,2,-85.0,906.0
404,418,1867,476,59,2,-85.0,906.0
405,421,1867,477,60,3,-85.0,907.0
406,422,1867,486,64,3,-84.0,904.0
407,473,1867,487,64,3,-85.0,904.0
408,480,1867,488,64,3,-87.0,903.0
409,423,1867,489,65,3,-85.0,904.0
410,434,1867,490,65,3,-87.0,903.0
411,433,1867,491,66,3,-86.0,903.0
412,427,1867,492,66,3,-86.0,903.0
413,426,1867,493,67,3,-84.0,902.0
414,429,1867,494,67,3,-85.0,902.0
415,431,1867,495,68,3,-86.0,900.0
416,428,1867,496,68,3,-85.0,901.0
417,425,1867,497,69,3,-86.0,901.0
418,424,1867,498,69,3,-86.0,901.0
419,432,1867,499,69,3,-84.0,899.0
420,430,1867,500,70,3,-85.0,897.0
421,435,1867,501,70,3,-86.0,898.0
422,437,1867,502,71,3,-87.0,898.0
423,483,1867,503,71,3,-86.0,897.0
424,436,1867,504,72,3,-85.0,895.0
425,438,1867,505,72,3,-85.0,895.0
426,439,1867,506,73,3,-86.0,894.0
427,440,1867,507,73,3,-85.0,894.0
428,442,1867,508,73,3,-83.0,893.0
429,443,1867,509,74,3,-86.0,895.0
430,441,1867,510,74,3,-85.0,892.0
431,446,1867,511,75,3,-85.0,892.0
432,444,1867,512,75,3,-86.0,890.0
433,445,1867,513,76,3,-86.0,889.0
434,447,1867,514,76,3,-86.0,888.0
435,450,1867,515,77,3,-86.0,888.0
436,449,1867,516,77,3,-86.0,888.0
437,448,1867,517,77,3,-86.0,885.0
438,451,1867,518,78,3,-85.0,885.0
439,452,1867,519,78,3,-86.0,884.0
440,453,1867,520,79,3,-86.0,884.0
441,454,1867,521,79,3,-87.0,882.0
442,455,1867,522,80,3,-85.0,881.0
443,458,1867,523,80,3,-85.0,881.0
444,457,1867,524,81,3,-85.0,880.0
445,456,1867,525,81,3,-87.0,878.0
446,459,1867,526,82,3,-87.0,878.0
447,460,1867,527,82,3,-86.0,877.0
448,461,1867,528,82,3,-86.0,876.0
449,462,1867,529,83,3,-87.0,875.0
450,463,1867,530,83,3,-87.0,873.0
451,465,1867,531,84,3,-87.0,872.0
452,464,1867,532,84,3,-88.0,872.0
453,466,1867,533,85,3,-87.0,871.0
454,467,1867,534,85,3,-86.0,869.0
455,468,1867,535,86,3,-88.0,868.0
456,470,1867,536,86,3,-83.0,867.0
457,469,1867,537,86,3,-83.0,865.0
458,472,1867,538,87,3,-85.0,865.0
459,476,1867,539,87,3,-85.0,864.0
460,481,1867,540,88,3,-84.0,862.0
461,482,1867,541,88,3,-84.0,861.0
462,477,1867,542,89,3,-85.0,859.0
463,486,1867,543,89,3,-84.0,858.0
464,487,1867,544,90,4,-86.0,857.0
465,490,1867,545,90,4,-85.0,856.0
466,489,1867,546,91,4,-85.0,855.0
467,488,1867,547,91,4,-85.0,853.0
468,491,1867,548,91,4,-86.0,852.0
469,492,1867,549,92,4,-87.0,851.0
470,494,1867,550,92,4,-85.0,850.0
471,495,1867,551,93,4,-85.0,848.0
472,493,1867,552,93,4,-86.0,847.0
473,496,1867,553,94,4,-84.0,845.0
474,497,1867,554,94,4,-84.0,843.0
475,499,1867,555,95,4,-85.0,843.0
476,501,1867,556,95,4,-85.0,842.0
477,498,1867,557,96,4,-85.0,840.0
478,500,1867,558,96,4,-85.0,839.0
479,502,1867,559,96,4,-85.0,838.0
480,503,1867,560,97,4,-86.0,836.0
481,504,1867,561,97,4,-85.0,835.0
482,506,1867,562,98,4,-85.0,834.0
483,505,1867,563,98,4,-87.0,833.0
484,509,1867,564,99,4,-86.0,831.0
485,508,1867,565,99,4,-85.0,830.0
486,507,1867,566,100,4,-86.0,829.0
487,510,1867,567,100,4,-86.0,827.0
488,511,1867,568,101,4,-86.0,825.0
489,512,1867,569,101,4,-85.0,825.0
490,513,1867,570,102,4,-84.0,823.0
491,515,1867,571,102,4,-84.0,821.0
492,514,1867,572,102,4,-85.0,820.0
493,516,1867,573,103,4,-84.0,819.0
494,517,1867,574,103,4,-85.0,817.0
495,518,1867,575,104,4,-82.0,816.0
496,520,1867,576,104,4,-84.0,815.0
497,519,1867,577,105,4,-84.0,813.0
498,521,1867,578,105,4,-83.0,812.0
499,522,1867,579,106,4,-82.0,811.0
500,523,1867,580,106,4,-83.0,810.0
501,524,1867,581,107,4,-84.0,808.0
502,525,1867,582,107,4,-84.0,807.0
503,526,1867,583,108,4,-82.0,806.0
504,528,1867,584,108,4,-82.0,804.0
505,527,1867,585,109,4,-83.0,802.0
506,529,1867,586,109,4,-82.0,802.0
507,530,1867,587,109,4,-85.0,801.0
508,532,1867,588,110,4,-84.0,799.0
509,531,1867,589,110,4,-85.0,798.0
510,535,1867,590,111,4,-82.0,797.0
511,533,1867,591,111,4,-82.0,795.0
512,534,1867,592,112,4,-83.0,795.0
513,536,1867,593,112,4,-83.0,795.0
514,537,1867,594,113,4,-83.0,793.0
515,538,1867,595,113,4,-83.0,792.0
516,539,1867,596,114,4,-82.0,791.0
517,540,1867,597,114,4,-84.0,790.0
518,542,1867,598,115,4,-84.0,787.0
519,543,1867,599,115,4,-84.0,788.0
520,541,1867,600,116,4,-81.0,787.0
521,544,1867,601,116,4,-82.0,785.0
522,545,1867,602,117,4,-82.0,784.0
523,548,1867,603,117,4,-83.0,783.0
524,546,1867,604,118,4,-84.0,782.0
525,547,1867,605,118,4,-83.0,781.0
526,549,1867,606,118,4,-84.0,780.0
527,550,1867,607,119,4,-83.0,779.0
528,551,1867,608,119,4,-85.0,777.0
529,552,1867,609,120,5,-84.0,777.0
530,554,1867,610,120,5,-85.0,776.0
531,555,1867,611,121,5,-84.0,775.0
532,553,1867,612,121,5,-85.0,774.0
533,556,1867,613,122,5,-84.0,773.0
534,557,1867,614,122,5,-82.0,772.0
535,558,1867,615,123,5,-83.0,771.0
536,559,1867,616,123,5,-82.0,769.0
537,561,1867,617,124,5,-84.0,769.0
538,562,1867,618,124,5,-83.0,769.0
539,560,1867,619,125,5,-82.0,766.0
540,563,1867,620,125,5,-83.0,765.0
541,564,1867,621,126,5,-82.0,765.0
542,565,1867,622,126,5,-84.0,763.0
543,566,1867,623,127,5,-83.0,763.0
544,568,1867,624,127,5,-82.0,762.0
545,569,1867,625,128,5,-81.0,761.0
546,567,1867,626,128,5,-82.0,760.0
547,570,1867,627,129,5,-82.0,759.0
548,571,1867,628,129,5,-81.0,759.0
549,572,1867,629,130,5,-84.0,759.0
550,573,1867,630,130,5,-82.0,757.0
551,576,1867,631,131,5,-81.0,756.0
552,575,1867,632,131,5,-79.0,755.0
553,574,1867,633,132,5,-81.0,754.0
554,577,1867,634,132,5,-82.0,753.0
555,578,1867,635,133,5,-82.0,754.0
556,582,1867,636,133,5,-81.0,752.0
557,580,1867,637,134,5,-80.0,752.0
558,579,1867,638,134,5,-80.0,751.0
559,581,1867,639,135,5,-80.0,750.0
560,583,1867,640,135,5,-81.0,750.0
561,584,1867,641,136,5,-81.0,749.0
562,585,1867,642,136,5,-80.0,749.0
563,586,1867,643,137,5,-80.0,748.0
564,588,1867,644,137,5,-80.0,748.0
565,589,1867,645,138,5,-81.0,746.0
566,587,1867,646,138,5,-81.0,746.0
567,590,1867,647,139,5,-79.0,746.0
568,591,1867,648,139,5,-80.0,746.0
569,592,1867,649,140,5,-79.0,745.0
570,593,1867,650,140,5,-80.0,743.0
571,595,1867,651,141,5,-80.0,743.0
572,594,1867,652,141,5,-79.0,745.0
573,596,1867,653,142,5,-80.0,744.0
574,597,1867,654,142,5,-79.0,742.0
575,598,1867,655,143,5,-77.0,741.0
576,599,1867,656,143,5,-80.0,740.0
577,600,1867,657,144,5,-79.0,739.0
578,602,1867,658,144,5,-79.0,739.0
579,603,1867,659,145,5,-77.0,738.0
580,601,1867,660,145,5,-78.0,735.0
581,604,1867,661,146,5,-76.0,735.0
582,605,1867,662,146,5,-77.0,735.0
583,609,1867,663,147,5,-77.0,734.0
584,607,1867,664,147,5,-78.0,732.0
585,610,1867,665,148,5,-78.0,735.0
586,608,1867,666,148,5,-77.0,736.0
587,606,1867,667,149,5,-76.0,736.0
588,611,1867,668,150,6,-75.0,734.0
589,613,1867,669,150,6,-84.0,735.0
590,612,1867,670,151,6,-79.0,737.0
591,614,1867,671,151,6,-79.0,740.0
592,615,1867,672,152,6,-78.0,739.0
593,616,1867,673,152,6,-78.0,738.0
594,617,1867,674,153,6,-80.0,739.0
595,618,1867,675,153,6,-80.0,740.0
596,619,1867,676,154,6,-80.0,738.0
597,622,1867,677,154,6,-78.0,737.0
598,621,1867,678,155,6,-77.0,739.0
599,624,1867,679,155,6,-77.0,738.0
600,620,1867,680,156,6,-76.0,740.0
601,623,1867,681,156,6,-79.0,738.0
602,625,1867,682,157,6,-77.0,739.0
603,626,1867,683,158,6,-79.0,741.0
604,627,1867,684,158,6,-75.0,741.0
605,628,1867,685,159,6,-77.0,740.0
606,629,1867,686,159,6,-76.0,738.0
607,630,1867,687,160,6,-77.0,739.0
608,631,1867,688,160,6,-77.0,741.0
609,632,1867,689,161,6,-76.0,742.0
610,633,1867,690,161,6,-77.0,741.0
611,634,1867,691,162,6,-76.0,741.0
612,637,1867,692,162,6,-76.0,742.0
613,636,1867,693,163,6,-76.0,741.0
614,635,1867,694,164,6,-75.0,740.0
615,638,1867,695,164,6,-76.0,741.0
616,639,1867,696,165,6,-75.0,743.0
617,640,1867,697,165,6,-74.0,743.0
618,641,1867,698,166,6,-77.0,743.0
619,642,1867,699,166,6,-76.0,744.0
620,643,1867,700,167,6,-75.0,745.0
621,644,1867,701,167,6,-77.0,745.0
622,645,1867,702,168,6,-76.0,745.0
623,646,1867,703,169,6,-75.0,747.0
624,647,1867,704,169,6,-75.0,747.0
625,648,1867,705,170,6,-76.0,746.0
626,650,1867,706,170,6,-76.0,748.0
627,651,1867,707,171,6,-76.0,749.0
628,649,1867,708,171,6,-76.0,749.0
629,652,1867,709,172,6,-73.0,750.0
630,653,1867,710,172,6,-77.0,751.0
631,654,1867,711,173,6,-75.0,751.0
632,658,1867,712,174,6,-77.0,752.0
633,656,1867,713,174,6,-76.0,754.0
634,655,1867,714,175,6,-76.0,754.0
635,657,1867,715,175,6,-73.0,755.0
636,659,1867,716,176,6,-75.0,755.0
637,661,1867,717,176,6,-76.0,756.0
638,660,1867,718,177,6,-77.0,757.0
639,662,1867,719,178,6,-77.0,758.0
640,663,1867,720,178,6,-74.0,760.0
641,664,1867,721,179,6,-73.0,761.0
642,665,1867,722,179,6,-74.0,760.0
643,666,1867,723,180,7,-73.0,761.0
644,667,1867,724,181,7,-74.0,763.0
645,669,1867,725,181,7,-73.0,764.0
646,668,1867,726,182,7,-75.0,766.0
647,671,1867,727,182,7,-76.0,766.0
648,670,1867,728,183,7,-74.0,766.0
649,672,1867,729,183,7,-75.0,768.0
650,676,1867,730,184,7,-76.0,770.0
651,673,1867,731,185,7,-75.0,771.0
652,677,1867,732,185,7,-75.0,773.0
653,674,1867,733,186,7,-74.0,773.0
654,675,1867,734,186,7,-73.0,776.0
655,678,1867,735,187,7,-73.0,776.0
656,679,1867,736,188,7,-76.0,776.0
657,680,1867,737,188,7,-74.0,777.0
658,681,1867,738,189,7,-75.0,778.0
659,682,1867,739,189,7,-77.0,779.0
660,685,1867,740,190,7,-76.0,782.0
661,683,1867,741,191,7,-70.0,784.0
662,684,1867,742,191,7,-72.0,784.0
663,686,1867,743,192,7,-72.0,786.0
664,687,1867,744,192,7,-75.0,786.0
665,689,1867,745,193,7,-74.0,787.0
666,688,1867,746,194,7,-76.0,788.0
667,691,1867,747,194,7,-73.0,789.0
668,690,1867,748,195,7,-71.0,791.0
669,692,1867,749,195,7,-73.0,794.0
670,693,1867,750,196,7,-72.0,796.0
671,695,1867,751,197,7,-72.0,797.0
672,694,1867,752,197,7,-71.0,798.0
673,698,1867,753,198,7,-73.0,800.0
674,696,1867,754,198,7,-73.0,802.0
675,697,1867,755,199,7,-74.0,806.0
676,699,1867,756,200,7,-73.0,806.0
677,700,1867,757,200,7,-73.0,807.0
678,701,1867,758,201,7,-71.0,810.0
679,702,1867,759,201,7,-77.0,809.0
680,704,1867,760,202,7,-70.0,810.0
681,705,1867,761,203,7,-72.0,814.0
682,703,1867,762,203,7,-75.0,814.0
683,706,1867,763,204,7,-78.0,817.0
684,707,1867,764,205,7,-73.0,821.0
685,708,1867,765,205,7,-73.0,820.0
686,709,1867,766,206,7,-70.0,824.0
687,710,1867,767,206,7,-71.0,824.0
688,712,1867,768,207,7,-73.0,826.0
689,711,1867,769,208,7,-73.0,829.0
690,713,1867,770,208,7,-70.0,829.0
691,714,1867,771,209,7,-71.0,836.0
692,715,1867,772,210,8,-71.0,835.0
693,716,1867,773,210,8,-70.0,838.0
694,719,1867,774,211,8,-73.0,838.0
695,717,1867,775,211,8,-71.0,838.0
696,718,1867,776,212,8,-72.0,841.0
697,720,1867,777,213,8,-72.0,841.0
698,721,1867,778,213,8,-70.0,846.0
699,722,1867,779,214,8,-71.0,845.0
700,723,1867,780,215,8,-72.0,852.0
701,725,1867,781,215,8,-74.0,849.0
702,724,1867,782,216,8,-71.0,854.0
703,727,1867,783,216,8,-69.0,853.0
704,726,1867,784,217,8,-69.0,857.0
705,728,1867,785,218,8,-74.0,858.0
706,729,1867,786,218,8,-74.0,861.0
707,732,1867,787,219,8,-73.0,860.0
708,731,1867,788,220,8,-68.0,862.0
709,730,1867,789,220,8,-68.0,862.0
710,733,1867,790,221,8,-68.0,864.0
711,734,1867,791,222,8,-70.0,867.0
712,735,1867,792,222,8,-71.0,873.0
713,736,1867,793,223,8,-71.0,877.0
714,739,1867,794,223,8,-68.0,874.0
715,738,1867,795,224,8,-68.0,875.0
716,737,1867,796,225,8,-65.0,877.0
717,740,1867,797,225,8,-65.0,879.0
718,741,1867,798,226,8,-67.0,883.0
719,743,1867,799,227,8,-70.0,884.0
720,742,1867,800,227,8,-67.0,884.0
721,746,1867,801,228,8,-70.0,884.0
722,745,1867,802,229,8,-69.0,887.0
723,744,1867,803,229,8,-69.0,888.0
724,747,1867,804,230,8,-73.0,891.0
725,748,1867,805,231,8,-70.0,893.0
726,750,1867,806,231,8,-69.0,893.0
727,749,1867,807,232,8,-71.0,892.0
728,752,1867,808,232,8,-67.0,893.0
729,753,1867,809,233,8,-70.0,895.0
730,751,1867,810,234,8,-69.0,897.0
731,754,1867,811,234,8,-71.0,900.0
732,755,1867,812,235,8,-75.0,902.0
733,756,1867,813,236,8,-67.0,904.0
734,757,1867,814,236,8,-68.0,902.0
735,759,1867,815,237,8,-69.0,905.0
736,758,1867,816,238,8,-74.0,909.0
737,761,1867,817,238,8,-69.0,913.0
738,760,1867,818,239,8,-68.0,914.0
739,763,1867,819,240,9,-71.0,913.0
740,765,1867,820,240,9,-68.0,910.0
741,762,1867,821,241,9,-68.0,910.0
742,764,1867,822,242,9,-71.0,911.0
743,766,1867,823,242,9,-69.0,912.0
744,768,1867,824,243,9,-67.0,914.0
745,767,1867,825,243,9,-67.0,914.0
746,770,1867,826,244,9,-68.0,914.0
747,769,1867,827,245,9,-68.0,911.0
748,771,1867,828,245,9,-71.0,914.0
749,773,1867,829,246,9,-71.0,914.0
750,772,1867,830,247,9,-68.0,918.0
751,774,1867,831,247,9,-68.0,920.0
752,775,1867,832,248,9,-68.0,924.0
753,776,1867,833,249,9,-69.0,923.0
754,777,1867,834,249,9,-68.0,918.0
755,780,1867,835,250,9,-69.0,917.0
756,778,1867,836,251,9,-69.0,916.0
757,779,1867,837,251,9,-69.0,916.0
758,782,1867,838,252,9,-69.0,917.0
759,781,1867,839,253,9,-70.0,917.0
760,783,1867,840,253,9,-74.0,913.0
761,784,1867,841,254,9,-75.0,914.0
762,790,1867,842,255,9,-69.0,914.0
763,793,1867,843,255,9,-69.0,916.0
764,788,1867,844,256,9,-68.0,917.0
765,786,1867,845,257,9,-73.0,920.0
766,785,1867,846,257,9,-74.0,925.0
767,791,1867,847,258,9,-69.0,918.0
768,792,1867,848,258,9,-69.0,918.0
769,787,1867,849,259,9,-69.0,918.0
770,789,1867,850,260,9,-68.0,918.0
771,794,1867,851,260,9,-68.0,919.0
772,797,1867,852,261,9,-73.0,916.0
773,796,1867,853,262,9,-67.0,913.0
774,798,1867,854,262,9,-66.0,910.0
775,799,1867,855,263,9,-69.0,912.0
776,795,1867,856,264,9,-68.0,912.0
777,801,1867,857,264,9,-76.0,911.0
778,800,1867,858,265,9,-73.0,913.0
779,802,1867,859,266,9,-72.0,915.0
780,803,1867,860,266,9,-69.0,916.0
781,804,1867,861,267,9,-70.0,917.0
782,807,1867,862,268,9,-70.0,917.0
783,805,1867,863,268,9,-72.0,916.0
784,806,1867,864,269,9,-70.0,914.0
785,808,1867,865,270,10,-70.0,913.0
786,809,1867,866,270,10,-71.0,911.0
787,810,1867,867,271,10,-71.0,910.0
788,811,1867,868,271,10,-71.0,908.0
789,812,1867,869,272,10,-72.0,906.0
790,813,1867,870,273,10,-74.0,909.0
791,814,1867,871,273,10,-70.0,903.0
792,815,1867,872,274,10,-72.0,902.0
793,817,1867,881,280,10,-73.0,899.0
794,818,1867,882,280,10,-76.0,901.0
795,820,1867,883,281,10,-74.0,897.0
796,821,1867,884,282,10,-71.0,897.0
797,819,1867,885,282,10,-71.0,895.0
798,823,1867,886,283,10,-73.0,894.0
799,822,1867,887,284,10,-73.0,897.0
800,824,1867,888,284,10,-70.0,896.0
801,825,1867,889,285,10,-70.0,895.0
802,826,1867,890,286,10,-72.0,892.0
803,827,1867,891,286,10,-72.0,892.0
804,828,1867,892,287,10,-71.0,892.0
805,829,1867,893,287,10,-72.0,890.0
806,830,1867,894,288,10,-75.0,891.0
807,831,1867,895,289,10,-72.0,889.0
808,833,1867,896,289,10,-70.0,888.0
809,832,1867,897,290,10,-72.0,884.0
810,834,1867,898,291,10,-72.0,883.0
811,835,1867,899,291,10,-75.0,881.0
812,836,1867,900,292,10,-70.0,883.0
813,837,1867,901,292,10,-71.0,885.0
814,838,1867,902,293,10,-68.0,883.0
815,839,1867,903,294,10,-71.0,882.0
816,841,1867,904,294,10,-71.0,878.0
817,840,1867,905,295,10,-71.0,880.0
818,843,1867,906,296,10,-76.0,878.0
819,842,1867,907,296,10,-75.0,879.0
820,844,1867,908,297,10,-71.0,883.0
821,845,1867,909,297,10,-70.0,878.0
822,847,1867,910,298,10,-73.0,878.0
823,846,1867,911,299,10,-70.0,874.0
824,849,1867,912,299,10,-75.0,875.0
825,848,1867,913,300,11,-71.0,871.0
826,850,1867,914,300,11,-71.0,874.0
827,851,1867,915,301,11,-71.0,878.0
828,852,1867,916,302,11,-71.0,872.0
829,854,1867,917,302,11,-76.0,871.0
830,853,1867,918,303,11,-71.0,867.0
831,855,1867,919,304,11,-74.0,870.0
832,856,1867,920,304,11,-72.0,868.0
833,857,1867,921,305,11,-70.0,867.0
834,858,1867,922,305,11,-73.0,870.0
835,859,1867,923,306,11,-72.0,867.0
836,861,1867,924,307,11,-74.0,867.0
837,860,1867,925,307,11,-71.0,862.0
838,862,1867,926,308,11,-76.0,864.0
839,863,1867,927,308,11,-76.0,862.0
840,864,1867,928,309,11,-72.0,862.0
841,865,1867,929,310,11,-75.0,866.0
842,868,1867,930,310,11,-75.0,865.0
843,867,1867,931,311,11,-69.0,864.0
844,866,1867,932,311,11,-71.0,859.0
845,869,1867,933,312,11,-71.0,863.0
846,870,1867,934,313,11,-73.0,858.0
847,872,1867,935,313,11,-75.0,862.0
848,871,1867,936,314,11,-72.0,865.0
849,874,1867,937,314,11,-73.0,863.0
850,876,1867,940,316,11,-73.0,861.0
851,875,1867,941,317,11,-74.0,857.0
852,880,1867,942,317,11,-74.0,857.0
853,877,1867,943,318,11,-73.0,854.0
854,878,1867,944,318,11,-70.0,852.0
855,881,1867,945,319,11,-72.0,851.0
856,879,1867,946,320,11,-77.0,850.0
857,882,1867,947,320,11,-70.0,853.0
858,883,1867,948,321,11,-73.0,854.0
859,884,1867,949,321,11,-72.0,851.0
860,885,1867,950,322,11,-73.0,850.0
861,888,1867,951,323,11,-75.0,849.0
862,886,1867,952,323,11,-69.0,847.0
863,887,1867,953,324,11,-71.0,847.0
864,889,1867,954,324,11,-73.0,847.0
865,892,1867,958,327,11,-74.0,848.0
866,891,1867,959,327,11,-78.0,846.0
867,893,1867,960,328,11,-76.0,846.0
868,895,1867,961,328,11,-71.0,849.0
869,894,1867,962,329,11,-73.0,845.0
870,896,1867,963,329,11,-71.0,850.0
871,897,1867,964,330,12,-72.0,847.0
872,898,1867,965,331,12,-75.0,847.0
873,900,1867,966,331,12,-73.0,850.0
874,899,1867,967,332,12,-74.0,844.0
875,901,1867,968,332,12,-71.0,848.0
876,902,1867,969,333,12,-72.0,844.0
877,903,1867,970,333,12,-71.0,849.0
878,906,1867,971,334,12,-71.0,848.0
879,904,1867,972,334,12,-73.0,847.0
880,905,1867,973,335,12,-72.0,844.0
881,907,1867,974,336,12,-73.0,842.0
882,908,1867,975,336,12,-73.0,843.0
883,909,1867,976,337,12,-75.0,842.0
884,910,1867,977,337,12,-75.0,841.0
885,913,1867,978,338,12,-73.0,842.0
886,912,1867,979,338,12,-79.0,841.0
887,911,1867,980,339,12,-73.0,840.0
888,914,1867,981,339,12,-73.0,841.0
889,917,1867,982,340,12,-74.0,840.0
890,916,1867,983,340,12,-76.0,840.0
891,915,1867,984,341,12,-74.0,840.0
892,918,1867,985,342,12,-78.0,840.0
893,919,1867,986,342,12,-74.0,840.0
894,920,1867,987,343,12,-74.0,839.0
895,922,1867,988,343,12,-75.0,840.0
896,921,1867,989,344,12,-74.0,841.0
897,923,1867,990,344,12,-76.0,839.0
898,926,1867,991,345,12,-73.0,840.0
899,924,1867,992,345,12,-73.0,842.0
900,927,1867,993,346,12,-73.0,840.0
901,925,1867,994,346,12,-79.0,842.0
902,929,1867,995,347,12,-74.0,842.0
903,928,1867,996,348,12,-72.0,842.0
904,930,1867,997,348,12,-74.0,843.0
905,931,1867,998,349,12,-73.0,842.0
906,932,1867,1000,350,12,-74.0,841.0
907,933,1867,1001,350,12,-79.0,843.0
908,936,1867,1002,351,12,-77.0,844.0
909,934,1867,1003,351,12,-74.0,843.0
910,935,1867,1004,352,12,-74.0,842.0
911,939,1867,1005,352,12,-75.0,843.0
912,941,1867,1006,353,12,-78.0,844.0
913,937,1867,1007,353,12,-79.0,845.0
914,940,1867,1008,354,12,-79.0,844.0
915,946,1867,1009,354,12,-75.0,845.0
916,947,1867,1010,355,12,-74.0,846.0
917,948,1867,1011,355,12,-78.0,845.0
918,949,1867,1012,356,12,-81.0,846.0
919,953,1867,1013,356,12,-80.0,846.0
920,950,1867,1014,357,12,-77.0,846.0
921,951,1867,1015,357,12,-75.0,847.0
922,952,1867,1016,358,12,-76.0,847.0
923,955,1867,1017,359,12,-78.0,850.0
924,956,1867,1018,359,12,-79.0,850.0
925,954,1867,1019,0,1,-81.0,849.0
926,938,1867,1020,0,1,-63.0,832.0
927,942,1867,1021,1,1,-76.0,850.0
928,944,1867,1022,1,1,-75.0,852.0
929,943,1867,1023,2,1,-76.0,851.0
930,945,1867,1024,2,1,-76.0,851.0
931,958,1867,1025,3,1,-74.0,851.0
932,957,1867,1026,3,1,-78.0,851.0
933,960,1867,1028,4,1,-75.0,853.0
934,959,1867,1029,5,1,-75.0,856.0
935,961,1867,1030,5,1,-77.0,855.0
936,963,1867,1031,6,1,-76.0,854.0
937,962,1867,1032,6,1,-74.0,854.0
938,965,1867,1033,7,1,-77.0,856.0
939,964,1867,1034,7,1,-76.0,859.0
940,966,1867,1035,8,1,-77.0,857.0
941,967,1867,1036,8,1,-76.0,856.0
942,968,1867,1037,9,1,-80.0,856.0
943,969,1867,1038,9,1,-76.0,858.0
944,970,1867,1039,10,1,-77.0,857.0
945,972,1867,1040,10,1,-77.0,858.0
946,971,1867,1041,11,1,-77.0,859.0
947,973,1867,1042,11,1,-76.0,859.0
948,974,1867,1043,12,1,-77.0,860.0
949,975,1867,1044,12,1,-79.0,860.0
950,978,1867,1045,13,1,-80.0,861.0
951,979,1867,1046,13,1,-77.0,862.0
952,977,1867,1047,14,1,-77.0,863.0
953,976,1867,1048,14,1,-78.0,864.0
954,980,1867,1049,15,1,-75.0,864.0
955,981,1867,1050,15,1,-76.0,863.0
956,983,1867,1051,16,1,-76.0,864.0
957,982,1867,1052,16,1,-78.0,865.0
958,984,1867,1053,17,1,-79.0,865.0
959,985,1867,1054,17,1,-77.0,867.0
960,987,1867,1055,17,1,-77.0,868.0
961,986,1867,1056,18,1,-76.0,868.0
962,988,1867,1057,18,1,-78.0,867.0
963,989,1867,1058,19,1,-78.0,868.0
964,990,1867,1059,19,1,-78.0,870.0
965,992,1867,1060,20,1,-78.0,870.0
966,993,1867,1061,20,1,-77.0,871.0
967,991,1867,1062,21,1,-77.0,871.0
968,994,1867,1063,21,1,-79.0,871.0
969,996,1867,1064,22,1,-77.0,871.0
970,995,1867,1065,22,1,-78.0,873.0
971,997,1867,1066,23,1,-78.0,875.0
972,998,1867,1067,23,1,-79.0,875.0
973,1000,1867,1068,24,1,-76.0,874.0
974,999,1867,1069,24,1,-77.0,876.0
975,1001,1867,1070,25,1,-80.0,877.0
976,1002,1867,1071,25,1,-78.0,878.0
977,1003,1867,1072,26,1,-78.0,879.0
978,1004,1867,1073,26,1,-82.0,879.0
979,1005,1867,1074,27,1,-77.0,878.0
980,1006,1867,1075,27,1,-77.0,879.0
981,1007,1867,1076,28,1,-81.0,880.0
982,1008,1867,1077,28,1,-79.0,880.0
983,1009,1867,1078,29,1,-80.0,881.0
984,1010,1867,1079,29,1,-80.0,882.0
985,1013,1867,1080,29,1,-77.0,882.0
986,1011,1867,1081,30,2,-77.0,882.0
987,1012,1867,1082,30,2,-79.0,882.0
988,1014,1867,1083,31,2,-80.0,883.0
989,1015,1867,1084,31,2,-78.0,885.0
990,1017,1867,1085,32,2,-79.0,886.0
991,1016,1867,1086,32,2,-77.0,885.0
992,1019,1867,1087,33,2,-78.0,885.0
993,1020,1867,1088,33,2,-77.0,885.0
994,1018,1867,1089,34,2,-76.0,885.0
995,1021,1867,1090,34,2,-78.0,886.0
996,1022,1867,1091,35,2,-77.0,886.0
997,1023,1867,1092,35,2,-79.0,886.0
998,1024,1867,1093,36,2,-77.0,887.0
999,1026,1867,1094,36,2,-80.0,888.0
1000,1027,1867,1095,36,2,-79.0,888.0
1001,1025,1867,1096,37,2,-79.0,888.0
1002,1028,1867,1097,37,2,-78.0,889.0
1003,1029,1867,1098,38,2,-77.0,890.0
1004,1030,1867,1099,38,2,-78.0,891.0
1005,1031,1867,1100,39,2,-79.0,890.0
1006,1034,1867,1101,39,2,-80.0,891.0
1007,1032,1867,1102,40,2,-84.0,892.0
1008,1033,1867,1103,40,2,-81.0,893.0
1009,1035,1867,1104,41,2,-79.0,893.0
1010,1036,1867,1105,41,2,-78.0,892.0
1011,1037,1867,1106,42,2,-82.0,893.0
1012,1040,1867,1107,42,2,-79.0,893.0
1013,1038,1867,1108,42,2,-78.0,895.0
1014,1039,1867,1109,43,2,-82.0,895.0
1015,1041,1867,1110,43,2,-81.0,895.0
1016,1042,1867,1111,44,2,-79.0,896.0
1017,1043,1867,1112,44,2,-80.0,895.0
1018,1044,1867,1113,45,2,-79.0,895.0
1019,1045,1867,1114,45,2,-79.0,896.0
1020,1047,1867,1115,46,2,-80.0,897.0
1021,1046,1867,1116,46,2,-79.0,898.0
1022,1048,1867,1117,47,2,-79.0,898.0
1023,1049,1867,1118,47,2,-80.0,898.0
1024,1050,1867,1119,48,2,-81.0,899.0
1025,1051,1867,1120,48,2,-80.0,900.0
1026,1052,1867,1121,48,2,-81.0,901.0
1027,1053,1867,1122,49,2,-79.0,901.0
1028,1054,1867,1123,49,2,-79.0,900.0
1029,1055,1867,1124,50,2,-80.0,900.0
1030,1056,1867,1125,50,2,-79.0,900.0
1031,1057,1867,1126,51,2,-79.0,901.0
1032,1058,1867,1127,51,2,-80.0,901.0
1033,1059,1867,1128,52,2,-79.0,902.0
1034,1060,1867,1129,52,2,-80.0,902.0
1035,1061,1867,1130,53,2,-81.0,902.0
1036,1062,1867,1131,53,2,-81.0,902.0
1037,1063,1867,1132,53,2,-82.0,902.0
1038,1064,1867,1133,54,2,-82.0,902.0
1039,1065,1867,1134,54,2,-80.0,902.0
1040,1069,1867,1135,55,2,-81.0,901.0
1041,1066,1867,1136,55,2,-82.0,901.0
1042,1068,1867,1137,56,2,-81.0,901.0
1043,1067,1867,1138,56,2,-82.0,901.0
1044,1070,1867,1139,57,2,-80.0,901.0
1045,1071,1867,1140,57,2,-81.0,901.0
1046,1072,1867,1141,57,2,-82.0,902.0
1047,1073,1867,1142,58,2,-82.0,902.0
1048,1074,1867,1143,58,2,-82.0,901.0
1049,1075,1867,1144,59,2,-82.0,902.0
1050,1076,1867,1145,59,2,-82.0,903.0
1051,1077,1867,1146,60,3,-82.0,902.0
1052,1078,1867,1147,60,3,-80.0,901.0
1053,1080,1867,1148,61,3,-80.0,901.0
1054,1079,1867,1149,61,3,-81.0,902.0
1055,1081,1867,1150,62,3,-82.0,902.0
1056,1082,1867,1151,62,3,-82.0,901.0
1057,1086,1867,1152,62,3,-80.0,901.0
1058,1083,1867,1153,63,3,-82.0,900.0
1059,1088,1867,1154,63,3,-84.0,900.0
1060,1084,1867,1155,64,3,-84.0,900.0
1061,1085,1867,1156,64,3,-84.0,900.0
1062,1087,1867,1157,65,3,-82.0,900.0
1063,1089,1867,1158,65,3,-82.0,898.0
1064,1090,1867,1159,66,3,-82.0,898.0
1065,1091,1867,1160,66,3,-80.0,899.0
1066,1092,1867,1161,66,3,-83.0,898.0
1067,1093,1867,1162,67,3,-84.0,897.0
1068,1094,1867,1163,67,3,-86.0,896.0
1069,1095,1867,1164,68,3,-86.0,896.0
1070,1096,1867,1165,68,3,-84.0,897.0
1071,1097,1867,1166,69,3,-84.0,895.0
1072,1098,1867,1167,69,3,-84.0,894.0
1073,1102,1867,1168,70,3,-84.0,894.0
1074,1100,1867,1169,70,3,-89.0,894.0
1075,1101,1867,1170,71,3,-85.0,893.0
1076,1099,1867,1171,71,3,-87.0,892.0
1077,1104,1867,1172,71,3,-87.0,892.0
1078,1103,1867,1173,72,3,-87.0,892.0
1079,1105,1867,1174,72,3,-85.0,891.0
1080,1106,1867,1175,73,3,-85.0,890.0
1081,1107,1867,1176,73,3,-84.0,890.0
1082,1108,1867,1177,74,3,-84.0,888.0
1083,1109,1867,1178,74,3,-86.0,888.0
1084,1110,1867,1179,75,3,-85.0,887.0
1085,1111,1867,1180,75,3,-86.0,886.0
1086,1112,1867,1181,75,3,-86.0,885.0
1087,1114,1867,1182,76,3,-85.0,884.0
1088,1113,1867,1183,76,3,-86.0,883.0
1089,1115,1867,1184,77,3,-85.0,882.0
1090,1116,1867,1185,77,3,-84.0,881.0
1091,1117,1867,1186,78,3,-86.0,881.0
1092,1118,1867,1187,78,3,-84.0,881.0
1093,1119,1867,1188,79,3,-90.0,881.0
1094,1120,1867,1189,79,3,-87.0,879.0
1095,1121,1867,1190,79,3,-87.0,877.0
1096,1122,1867,1191,80,3,-87.0,876.0
1097,1123,1867,1192,80,3,-86.0,876.0
1098,1124,1867,1193,81,3,-84.0,875.0
1099,1125,1867,1194,81,3,-84.0,873.0
1100,1126,1867,1195,82,3,-86.0,872.0
1101,1129,1867,1196,82,3,-86.0,871.0
1102,1127,1867,1197,83,3,-85.0,869.0
1103,1128,1867,1198,83,3,-86.0,868.0
1104,1130,1867,1199,84,3,-86.0,868.0
1105,1131,1867,1200,84,3,-84.0,866.0
1106,1132,1867,1201,84,3,-85.0,866.0
1107,1133,1867,1202,85,3,-85.0,864.0
1108,1136,1867,1203,85,3,-85.0,863.0
1109,1135,1867,1204,86,3,-84.0,862.0
1110,1134,1867,1205,86,3,-86.0,861.0
1111,1137,1867,1206,87,3,-85.0,859.0
1112,1138,1867,1207,87,3,-85.0,858.0
1113,1139,1867,1208,88,3,-85.0,857.0
1114,1141,1867,1209,88,3,-85.0,855.0
1115,1140,1867,1210,88,3,-85.0,854.0
1116,1142,1867,1211,89,3,-83.0,853.0
1117,1143,1867,1212,89,3,-86.0,851.0
1118,1145,1867,1213,90,4,-84.0,851.0
1119,1144,1867,1214,90,4,-85.0,849.0
1120,1146,1867,1215,91,4,-85.0,848.0
1121,1147,1867,1216,91,4,-86.0,847.0
1122,1148,1867,1217,92,4,-88.0,846.0
1123,1149,1867,1218,92,4,-86.0,845.0
1124,1150,1867,1219,93,4,-87.0,844.0
1125,1151,1867,1220,93,4,-87.0,842.0
1126,1152,1867,1221,93,4,-87.0,841.0
1127,1153,1867,1222,94,4,-87.0,840.0
1128,1155,1867,1223,94,4,-88.0,839.0
1129,1154,1867,1224,95,4,-88.0,837.0
1130,1156,1867,1225,95,4,-87.0,836.0
1131,1157,1867,1226,96,4,-87.0,835.0
1132,1158,1867,1227,96,4,-88.0,833.0
1133,1159,1867,1228,97,4,-88.0,832.0
1134,1160,1867,1229,97,4,-88.0,831.0
1135,1161,1867,1230,98,4,-88.0,830.0
1136,1162,1867,1231,98,4,-88.0,828.0
1137,1163,1867,1232,99,4,-88.0,827.0
1138,1164,1867,1233,99,4,-88.0,826.0
1139,1166,1867,1234,99,4,-88.0,824.0
1140,1165,1867,1235,100,4,-88.0,824.0
1141,1170,1867,1236,100,4,-87.0,822.0
1142,1169,1867,1237,101,4,-88.0,820.0
1143,1167,1867,1238,101,4,-87.0,819.0
1144,1168,1867,1239,102,4,-89.0,818.0
1145,1171,1867,1240,102,4,-87.0,816.0
1146,1172,1867,1241,103,4,-87.0,816.0
1147,1173,1867,1242,103,4,-87.0,815.0
1148,1174,1867,1243,104,4,-86.0,814.0
1149,1175,1867,1244,104,4,-85.0,812.0
1150,1176,1867,1245,105,4,-86.0,811.0
1151,1178,1867,1246,105,4,-85.0,810.0
1152,1177,1867,1247,105,4,-85.0,809.0
1153,1179,1867,1248,106,4,-86.0,807.0
1154,1180,1867,1249,106,4,-85.0,806.0
1155,1182,1867,1250,107,4,-85.0,804.0
1156,1185,1867,1251,107,4,-85.0,803.0
1157,1184,1867,1252,108,4,-85.0,802.0
1158,1181,1867,1253,108,4,-85.0,800.0
1159,1183,1867,1254,109,4,-84.0,799.0
1160,1187,1867,1255,109,4,-84.0,798.0
1161,1186,1867,1256,110,4,-84.0,797.0
1162,1188,1867,1257,110,4,-84.0,794.0
1163,1189,1867,1258,111,4,-83.0,794.0
1164,1190,1867,1259,111,4,-84.0,794.0
1165,1191,1867,1260,112,4,-83.0,792.0
1166,1192,1867,1261,112,4,-81.0,790.0
1167,1193,1867,1262,112,4,-81.0,790.0
1168,1194,1867,1263,113,4,-84.0,788.0
1169,1195,1867,1264,113,4,-84.0,787.0
1170,1197,1867,1265,114,4,-81.0,787.0
1171,1196,1867,1266,114,4,-82.0,787.0
1172,1198,1867,1267,115,4,-83.0,786.0
1173,1199,1867,1268,115,4,-83.0,784.0
1174,1201,1867,1269,116,4,-83.0,782.0
1175,1200,1867,1270,116,4,-82.0,782.0
1176,1202,1867,1271,117,4,-84.0,781.0
1177,1203,1867,1272,117,4,-81.0,780.0
1178,1204,1867,1273,118,4,-79.0,778.0
1179,1205,1867,1274,118,4,-82.0,777.0
1180,1206,1867,1275,119,4,-82.0,775.0
1181,1207,1867,1276,119,4,-83.0,774.0
1182,1208,1867,1277,120,5,-84.0,774.0
1183,1210,1867,1278,120,5,-83.0,773.0
1184,1209,1867,1279,121,5,-83.0,772.0
1185,1211,1867,1280,121,5,-84.0,771.0
1186,1212,1867,1281,122,5,-83.0,769.0
1187,1213,1867,1282,122,5,-81.0,768.0
1188,1214,1867,1283,123,5,-82.0,767.0
1189,1216,1867,1284,123,5,-80.0,767.0
1190,1217,1867,1285,123,5,-80.0,766.0
1191,1215,1867,1286,124,5,-80.0,765.0
1192,1218,1867,1287,124,5,-80.0,764.0
1193,1219,1867,1288,125,5,-80.0,763.0
1194,1220,1867,1291,126,5,-80.0,760.0
1195,1222,1867,1292,127,5,-81.0,760.0
1196,1221,1867,1293,127,5,-81.0,758.0
1197,1223,1867,1294,128,5,-79.0,758.0
1198,1224,1867,1295,128,5,-79.0,757.0
1199,1226,1867,1296,129,5,-79.0,756.0
1200,1225,1867,1297,129,5,-80.0,755.0
1201,1229,1867,1298,130,5,-79.0,755.0
1202,1228,1867,1299,130,5,-80.0,753.0
1203,1227,1867,1300,131,5,-79.0,752.0
1204,1230,1867,1301,131,5,-78.0,752.0
1205,1231,1867,1302,132,5,-80.0,751.0
1206,1232,1867,1303,132,5,-78.0,751.0
1207,1233,1867,1304,133,5,-80.0,750.0
1208,1235,1867,1305,133,5,-80.0,749.0
1209,1234,1867,1306,134,5,-79.0,748.0
1210,1236,1867,1307,134,5,-80.0,748.0
1211,1237,1867,1308,135,5,-81.0,748.0
1212,1238,1867,1309,135,5,-81.0,747.0
1213,1239,1867,1310,136,5,-76.0,745.0
1214,1240,1867,1311,136,5,-78.0,745.0
1215,1243,1867,1312,137,5,-77.0,745.0
1216,1241,1867,1313,137,5,-77.0,745.0
1217,1242,1867,1314,138,5,-78.0,744.0
1218,1244,1867,1315,138,5,-77.0,744.0
1219,1245,1867,1316,139,5,-80.0,744.0
1220,1246,1867,1317,139,5,-80.0,743.0
1221,1247,1867,1318,140,5,-80.0,743.0
1222,1248,1867,1319,140,5,-78.0,742.0
1223,1250,1867,1320,141,5,-77.0,741.0
1224,1249,1867,1321,141,5,-77.0,740.0
1225,1251,1867,1322,142,5,-78.0,740.0
1226,1252,1867,1323,142,5,-77.0,738.0
1227,1253,1867,1324,143,5,-78.0,738.0
1228,1256,1867,1325,144,5,-78.0,738.0
1229,1254,1867,1326,144,5,-77.0,738.0
1230,1255,1867,1327,145,5,-76.0,736.0
1231,1257,1867,1328,145,5,-77.0,735.0
1232,1258,1867,1329,146,5,-74.0,735.0
1233,1259,1867,1330,146,5,-78.0,734.0
1234,1260,1867,1331,147,5,-76.0,734.0
1235,1262,1867,1332,147,5,-78.0,734.0
1236,1263,1867,1333,148,5,-76.0,733.0
1237,1261,1867,1334,148,5,-77.0,732.0
1238,1264,1867,1335,149,5,-77.0,732.0
1239,1265,1867,1336,149,5,-75.0,732.0
1240,1266,1867,1337,150,6,-76.0,734.0
1241,1267,1867,1338,150,6,-75.0,734.0
1242,1268,1867,1339,151,6,-77.0,733.0
1243,1269,1867,1340,151,6,-76.0,734.0
1244,1270,1867,1341,152,6,-76.0,735.0
1245,1271,1867,1342,152,6,-80.0,735.0
1246,1272,1867,1343,153,6,-74.0,735.0
1247,1273,1867,1344,153,6,-75.0,734.0
1248,1276,1867,1345,154,6,-75.0,735.0
1249,1274,1867,1346,155,6,-75.0,737.0
1250,1277,1867,1347,155,6,-75.0,736.0
1251,1275,1867,1348,156,6,-76.0,735.0
1252,1278,1867,1349,156,6,-73.0,737.0
1253,1279,1867,1350,157,6,-73.0,738.0
1254,1280,1867,1351,157,6,-72.0,739.0
1255,1283,1867,1352,158,6,-73.0,736.0
1256,1281,1867,1353,158,6,-76.0,737.0
1257,1282,1867,1354,159,6,-75.0,739.0
1258,1284,1867,1355,159,6,-75.0,740.0
1259,1286,1867,1356,160,6,-74.0,739.0
1260,1285,1867,1357,160,6,-72.0,738.0
1261,1287,1867,1358,161,6,-74.0,738.0
1262,1288,1867,1359,162,6,-76.0,739.0
1263,1289,1867,1360,162,6,-76.0,739.0
1264,1290,1867,1361,163,6,-75.0,739.0
1265,1291,1867,1362,163,6,-74.0,739.0
1266,1292,1867,1363,164,6,-75.0,740.0
1267,1293,1867,1364,164,6,-74.0,740.0
1268,1294,1867,1365,165,6,-74.0,739.0
1269,1295,1867,1366,165,6,-75.0,740.0
1270,1296,1867,1367,166,6,-74.0,743.0
1271,1297,1867,1368,167,6,-74.0,743.0
1272,1299,1867,1369,167,6,-73.0,742.0
1273,1298,1867,1370,168,6,-74.0,744.0
1274,1301,1867,1371,168,6,-75.0,746.0
1275,1300,1867,1372,169,6,-74.0,745.0
1276,1303,1867,1373,169,6,-74.0,746.0
1277,1302,1867,1374,170,6,-75.0,748.0
1278,1304,1867,1375,170,6,-73.0,749.0
1279,1305,1867,1376,171,6,-75.0,749.0
1280,1306,1867,1377,172,6,-76.0,749.0
1281,1308,1867,1378,172,6,-76.0,751.0
1282,1307,1867,1379,173,6,-77.0,751.0
1283,1311,1867,1380,173,6,-74.0,751.0
1284,1309,1867,1381,174,6,-73.0,751.0
1285,1310,1867,1382,174,6,-76.0,752.0
1286,1312,1867,1383,175,6,-73.0,752.0
1287,1313,1867,1384,176,6,-74.0,753.0
1288,1314,1867,1385,176,6,-75.0,755.0
1289,1315,1867,1386,177,6,-74.0,755.0
1290,1316,1867,1387,177,6,-74.0,755.0
1291,1317,1867,1388,178,6,-73.0,756.0
1292,1318,1867,1398,184,7,-66.0,751.0
1293,1319,1867,1399,184,7,-73.0,770.0
1294,1322,1867,1400,185,7,-73.0,770.0
1295,1321,1867,1401,185,7,-73.0,770.0
1296,1320,1867,1402,186,7,-75.0,771.0
1297,1323,1867,1403,187,7,-75.0,771.0
1298,1324,1867,1404,187,7,-75.0,774.0
1299,1325,1867,1405,188,7,-75.0,775.0
1300,1328,1867,1406,188,7,-76.0,775.0
1301,1329,1867,1407,189,7,-74.0,779.0
1302,1327,1867,1408,190,7,-75.0,779.0
1303,1326,1867,1409,190,7,-74.0,781.0
1304,1330,1867,1410,191,7,-72.0,782.0
1305,1331,1867,1411,191,7,-72.0,782.0
1306,1333,1867,1412,192,7,-78.0,784.0
1307,1332,1867,1413,193,7,-72.0,784.0
1308,1336,1867,1414,193,7,-73.0,785.0
1309,1334,1867,1415,194,7,-72.0,787.0
1310,1335,1867,1416,194,7,-72.0,791.0
1311,1337,1867,1417,195,7,-70.0,791.0
1312,1338,1867,1418,196,7,-73.0,793.0
1313,1339,1867,1419,196,7,-73.0,793.0
1314,1340,1867,1420,197,7,-71.0,793.0
1315,1343,1867,1421,197,7,-72.0,797.0
1316,1342,1867,1422,198,7,-72.0,798.0
1317,1341,1867,1423,199,7,-71.0,800.0
1318,1344,1867,1424,199,7,-72.0,803.0
1319,1345,1867,1425,200,7,-72.0,804.0
1320,1346,1867,1426,200,7,-71.0,803.0
1321,1347,1867,1427,201,7,-72.0,807.0
1322,1348,1867,1428,202,7,-72.0,808.0
1323,1349,1867,1429,202,7,-70.0,810.0
1324,1351,1867,1430,203,7,-69.0,810.0
1325,1350,1867,1431,204,7,-69.0,811.0
1326,1352,1867,1432,204,7,-71.0,813.0
1327,1353,1867,1433,205,7,-70.0,818.0
1328,1356,1867,1434,205,7,-70.0,818.0
1329,1355,1867,1435,206,7,-71.0,823.0
1330,1354,1867,1436,207,7,-72.0,825.0
1331,1357,1867,1437,207,7,-71.0,821.0
1332,1358,1867,1438,208,7,-68.0,823.0
1333,1360,1867,1439,208,7,-71.0,828.0
1334,1359,1867,1440,209,7,-70.0,828.0
1335,1361,1867,1441,210,8,-74.0,828.0
1336,1362,1867,1442,210,8,-68.0,829.0
1337,1363,1867,1443,211,8,-69.0,831.0
1338,1364,1867,1444,212,8,-69.0,833.0
1339,1365,1867,1445,212,8,-69.0,836.0
1340,1366,1867,1446,213,8,-70.0,841.0
1341,1367,1867,1447,214,8,-74.0,841.0
1342,1369,1867,1448,214,8,-69.0,841.0
1343,1368,1867,1449,215,8,-71.0,841.0
1344,1370,1867,1450,215,8,-69.0,842.0
1345,1371,1867,1451,216,8,-71.0,842.0
1346,1373,1867,1452,217,8,-74.0,845.0
1347,1372,1867,1453,217,8,-73.0,850.0
1348,1374,1867,1454,218,8,-69.0,854.0
1349,1377,1867,1455,219,8,-70.0,858.0
1350,1376,1867,1456,219,8,-69.0,859.0
1351,1375,1867,1457,220,8,-69.0,860.0
1352,1378,1867,1458,220,8,-69.0,859.0
1353,1379,1867,1459,221,8,-71.0,861.0
1354,1380,1867,1460,222,8,-70.0,865.0
1355,1382,1867,1461,222,8,-69.0,870.0
1356,1381,1867,1462,223,8,-68.0,871.0
1357,1383,1867,1463,224,8,-68.0,871.0
1358,1384,1867,1464,224,8,-71.0,871.0
1359,1385,1867,1465,225,8,-68.0,870.0
1360,1386,1867,1466,226,8,-67.0,873.0
1361,1387,1867,1467,226,8,-69.0,877.0
1362,1388,1867,1468,227,8,-70.0,879.0
1363,1389,1867,1469,228,8,-72.0,881.0
1364,1391,1867,1470,228,8,-70.0,879.0
1365,1392,1867,1471,229,8,-71.0,880.0
1366,1390,1867,1472,229,8,-68.0,879.0
1367,1393,1867,1473,230,8,-67.0,881.0
1368,1394,1867,1474,231,8,-68.0,889.0
1369,1396,1867,1475,231,8,-72.0,890.0
1370,1395,1867,1476,232,8,-69.0,888.0
1371,1397,1867,1477,233,8,-72.0,888.0
1372,1399,1867,1478,233,8,-68.0,887.0
1373,1398,1867,1479,234,8,-66.0,890.0
1374,1400,1867,1480,235,8,-68.0,893.0
1375,1401,1867,1481,235,8,-70.0,893.0
1376,1403,1867,1482,236,8,-68.0,893.0
1377,1402,1867,1483,237,8,-68.0,892.0
1378,1404,1867,1484,237,8,-68.0,895.0
1379,1405,1867,1485,238,8,-71.0,899.0
1380,1406,1867,1486,239,8,-71.0,901.0
1381,1407,1867,1487,239,8,-68.0,901.0
1382,1408,1867,1488,240,9,-69.0,902.0
1383,1410,1867,1489,240,9,-68.0,903.0
1384,1411,1867,1490,241,9,-66.0,904.0
1385,1409,1867,1491,242,9,-69.0,906.0
1386,1412,1867,1492,242,9,-68.0,910.0
1387,1413,1867,1493,243,9,-70.0,905.0
1388,1414,1867,1494,244,9,-70.0,904.0
1389,1416,1867,1495,244,9,-71.0,903.0
1390,1415,1867,1496,245,9,-72.0,906.0
1391,1417,1867,1497,246,9,-68.0,909.0
1392,1418,1867,1498,246,9,-68.0,907.0
1393,1419,1867,1499,247,9,-69.0,903.0
1394,1420,1867,1500,248,9,-70.0,903.0
1395,1421,1867,1501,248,9,-69.0,903.0
1396,1422,1867,1502,249,9,-69.0,907.0
1397,1424,1867,1503,250,9,-70.0,909.0
1398,1423,1867,1504,250,9,-69.0,910.0
1399,1425,1867,1505,251,9,-69.0,906.0
1400,1426,1867,1506,252,9,-71.0,907.0
1401,1427,1867,1507,252,9,-70.0,907.0
1402,1428,1867,1508,253,9,-70.0,907.0
1403,1430,1867,1509,254,9,-70.0,910.0
1404,1431,1867,1510,254,9,-70.0,908.0
1405,1429,1867,1511,255,9,-77.0,908.0
1406,1432,1867,1512,255,9,-78.0,906.0
1407,1433,1867,1513,256,9,-74.0,907.0
1408,1434,1867,1514,257,9,-73.0,906.0
1409,1435,1867,1515,257,9,-76.0,906.0
1410,1436,1867,1516,258,9,-71.0,909.0
1411,1437,1867,1517,259,9,-76.0,911.0
1412,1438,1867,1518,259,9,-78.0,909.0
1413,1440,1867,1519,260,9,-72.0,906.0
1414,1439,1867,1520,261,9,-73.0,905.0
1415,1441,1867,1521,261,9,-71.0,905.0
1416,1442,1867,1522,262,9,-71.0,905.0
1417,1443,1867,1523,263,9,-77.0,905.0
1418,1444,1867,1524,263,9,-76.0,904.0
1419,1445,1867,1525,264,9,-74.0,902.0
1420,1446,1867,1526,265,9,-72.0,900.0
1421,1449,1867,1527,265,9,-71.0,900.0
1422,1450,1867,1528,266,9,-72.0,898.0
1423,1451,1867,1529,267,9,-73.0,900.0
1424,1452,1867,1530,267,9,-71.0,899.0
1425,1447,1867,1531,268,9,-76.0,900.0
1426,1448,1867,1532,268,9,-72.0,900.0
1427,1453,1867,1533,269,9,-72.0,896.0
1428,1454,1867,1534,270,10,-73.0,898.0
1429,1455,1867,1535,270,10,-73.0,900.0
1430,1456,1867,1536,271,10,-71.0,901.0
1431,1458,1867,1537,272,10,-74.0,900.0
1432,1457,1867,1538,272,10,-73.0,898.0
1433,1459,1867,1539,273,10,-74.0,896.0
1434,1460,1867,1540,274,10,-72.0,896.0
1435,1461,1867,1541,274,10,-76.0,895.0
1436,1462,1867,1542,275,10,-73.0,895.0
1437,1464,1867,1543,276,10,-74.0,896.0
1438,1463,1867,1544,276,10,-71.0,894.0
1439,1465,1867,1545,277,10,-73.0,891.0
1440,1467,1867,1546,277,10,-73.0,889.0
1441,1466,1867,1547,278,10,-75.0,887.0
1442,1468,1867,1548,279,10,-76.0,887.0
1443,1469,1867,1549,279,10,-76.0,887.0
1444,1472,1867,1550,280,10,-71.0,888.0
1445,1471,1867,1551,281,10,-71.0,886.0
1446,1470,1867,1552,281,10,-74.0,886.0
1447,1474,1867,1553,282,10,-77.0,884.0
1448,1473,1867,1554,283,10,-70.0,882.0
1449,1477,1867,1555,283,10,-71.0,883.0
1450,1478,1867,1556,284,10,-72.0,883.0
1451,1475,1867,1557,284,10,-70.0,883.0
1452,1476,1867,1558,285,10,-72.0,880.0
1453,1484,1867,1559,286,10,-76.0,879.0
1454,1482,1867,1560,286,10,-76.0,877.0
1455,1485,1867,1561,287,10,-77.0,877.0
1456,1479,1867,1562,288,10,-73.0,877.0
1457,1483,1867,1563,288,10,-75.0,879.0
1458,1481,1867,1564,289,10,-70.0,877.0
1459,1480,1867,1565,290,10,-72.0,874.0
1460,1487,1867,1566,290,10,-76.0,876.0
1461,1486,1867,1567,291,10,-70.0,872.0
1462,1488,1867,1568,291,10,-71.0,876.0
1463,1492,1867,1569,292,10,-70.0,873.0
1464,1491,1867,1570,293,10,-71.0,873.0
1465,1490,1867,1571,293,10,-70.0,873.0
1466,1489,1867,1572,294,10,-81.0,869.0
1467,1493,1867,1573,295,10,-74.0,872.0
1468,1495,1867,1574,295,10,-72.0,868.0
1469,1494,1867,1575,296,10,-73.0,871.0
1470,1496,1867,1576,296,10,-72.0,869.0
1471,1498,1867,1577,297,10,-72.0,866.0
1472,1499,1867,1578,298,10,-74.0,868.0
1473,1500,1867,1579,298,10,-73.0,862.0
1474,1497,1867,1580,299,10,-72.0,867.0
1475,1501,1867,1581,299,10,-72.0,862.0
1476,1503,1867,1582,300,11,-74.0,862.0
1477,1502,1867,1583,301,11,-75.0,862.0
1478,1505,1867,1584,301,11,-77.0,860.0
1479,1506,1867,1585,302,11,-76.0,864.0
1480,1504,1867,1586,303,11,-72.0,858.0
1481,1508,1867,1587,303,11,-73.0,860.0
1482,1507,1867,1588,304,11,-72.0,858.0
1483,1510,1867,1589,304,11,-72.0,857.0
1484,1509,1867,1590,305,11,-76.0,860.0
1485,1512,1867,1591,306,11,-73.0,852.0
1486,1511,1867,1592,306,11,-71.0,857.0
1487,1513,1867,1593,307,11,-72.0,852.0
1488,1514,1867,1594,307,11,-74.0,855.0
1489,1515,1867,1595,308,11,-71.0,855.0
1490,1516,1867,1596,309,11,-74.0,850.0
1491,1517,1867,1597,309,11,-73.0,855.0
1492,1519,1867,1598,310,11,-70.0,849.0
1493,1518,1867,1599,310,11,-72.0,853.0
1494,1520,1867,1600,311,11,-71.0,850.0
1495,1522,1867,1601,312,11,-71.0,853.0
1496,1521,1867,1602,312,11,-77.0,852.0
1497,1523,1867,1603,313,11,-76.0,847.0
1498,1524,1867,1604,313,11,-77.0,850.0
1499,1526,1867,1605,314,11,-73.0,846.0
1500,1525,1867,1606,315,11,-75.0,850.0
1501,1528,1867,1607,315,11,-77.0,846.0
1502,1527,1867,1608,316,11,-72.0,847.0
1503,1529,1867,1609,316,11,-71.0,847.0
1504,1534,1867,1613,319,11,-72.0,846.0
1505,1533,1867,1614,319,11,-73.0,837.0
1506,1536,1867,1615,320,11,-73.0,842.0
1507,1535,1867,1616,320,11,-73.0,848.0
1508,1537,1867,1617,321,11,-72.0,840.0
1509,1540,1867,1618,322,11,-71.0,845.0
1510,1538,1867,1619,322,11,-73.0,841.0
1511,1539,1867,1620,323,11,-70.0,844.0
1512,1541,1867,1621,323,11,-73.0,842.0
1513,1542,1867,1622,324,11,-71.0,841.0
1514,1544,1867,1623,324,11,-71.0,840.0
1515,1543,1867,1624,325,11,-72.0,837.0
1516,1546,1867,1625,326,11,-71.0,839.0
1517,1545,1867,1626,326,11,-71.0,839.0
1518,1547,1867,1627,327,11,-72.0,838.0
1519,1549,1867,1628,327,11,-71.0,839.0
1520,1548,1867,1629,328,11,-74.0,837.0
1521,1551,1867,1630,328,11,-77.0,838.0
1522,1550,1867,1631,329,11,-77.0,837.0
1523,1552,1867,1632,330,12,-72.0,836.0
1524,1554,1867,1633,330,12,-75.0,834.0
1525,1553,1867,1634,331,12,-72.0,834.0
1526,1555,1867,1635,331,12,-73.0,833.0
1527,1556,1867,1636,332,12,-72.0,834.0
1528,1557,1867,1637,332,12,-73.0,833.0
1529,1559,1867,1638,333,12,-73.0,833.0
1530,1558,1867,1639,334,12,-71.0,832.0
1531,1561,1867,1640,334,12,-72.0,832.0
1532,1560,1867,1641,335,12,-72.0,831.0
1533,1564,1867,1642,335,12,-72.0,829.0
1534,1563,1867,1643,336,12,-74.0,832.0
1535,1562,1867,1644,336,12,-74.0,832.0
1536,1567,1867,1645,337,12,-74.0,832.0
1537,1565,1867,1646,337,12,-74.0,831.0
1538,1566,1867,1647,338,12,-73.0,831.0
1539,1568,1867,1648,339,12,-73.0,830.0
1540,1569,1867,1649,339,12,-74.0,830.0
1541,1570,1867,1650,340,12,-75.0,833.0
1542,1571,1867,1651,340,12,-77.0,833.0
1543,1572,1867,1652,341,12,-76.0,834.0
1544,1573,1867,1653,341,12,-75.0,833.0
1545,1575,1867,1654,342,12,-75.0,829.0
1546,1574,1867,1655,342,12,-76.0,831.0
1547,1576,1867,1656,343,12,-75.0,832.0
1548,1578,1867,1657,343,12,-75.0,836.0
1549,1577,1867,1658,344,12,-77.0,835.0
1550,1579,1867,1659,345,12,-77.0,832.0
1551,1581,1867,1660,345,12,-74.0,832.0
1552,1580,1867,1661,346,12,-75.0,831.0
1553,1583,1867,1662,346,12,-75.0,831.0
1554,1584,1867,1663,347,12,-74.0,832.0
1555,1586,1867,1664,347,12,-74.0,832.0
1556,1585,1867,1665,348,12,-76.0,833.0
1557,1582,1867,1666,348,12,-76.0,834.0
1558,1588,1867,1667,349,12,-76.0,833.0
1559,1587,1867,1668,349,12,-77.0,831.0
1560,1589,1867,1669,350,12,-74.0,833.0
1561,1590,1867,1670,350,12,-76.0,834.0
1562,1591,1867,1671,351,12,-76.0,832.0
1563,1592,1867,1672,351,12,-74.0,833.0
1564,1594,1867,1673,352,12,-75.0,836.0
1565,1593,1867,1674,352,12,-75.0,835.0
1566,1595,1867,1675,353,12,-75.0,835.0
1567,1596,1867,1676,354,12,-76.0,837.0
1568,1597,1867,1677,354,12,-74.0,835.0
1569,1598,1867,1678,355,12,-74.0,836.0
1570,1599,1867,1679,355,12,-75.0,836.0
1571,1601,1867,1680,356,12,-74.0,835.0
1572,1602,1867,1681,356,12,-74.0,837.0
1573,1603,1867,1682,357,12,-76.0,839.0
1574,1600,1867,1683,357,12,-75.0,837.0
1575,1604,1867,1684,358,12,-75.0,837.0
1576,1605,1867,1685,358,12,-77.0,838.0
1577,1607,1867,1686,359,12,-75.0,838.0
1578,1608,1867,1687,359,12,-75.0,838.0
1579,1606,1867,1688,0,1,-76.0,840.0
1580,1610,1867,1689,0,1,-75.0,840.0
1581,1609,1867,1690,1,1,-76.0,840.0
1582,1614,1867,1692,2,1,-62.0,820.0
1583,1612,1867,1693,2,1,-76.0,840.0
1584,1613,1867,1694,3,1,-76.0,840.0
1585,1611,1867,1695,3,1,-77.0,840.0
1586,1615,1867,1696,4,1,-75.0,841.0
1587,1616,1867,1697,4,1,-77.0,841.0
1588,1618,1867,1698,5,1,-77.0,842.0
1589,1617,1867,1699,5,1,-76.0,843.0
1590,1619,1867,1700,6,1,-76.0,842.0
1591,1620,1867,1701,6,1,-76.0,841.0
1592,1621,1867,1702,7,1,-75.0,842.0
1593,1622,1867,1703,7,1,-76.0,843.0
1594,1625,1867,1704,8,1,-77.0,844.0
1595,1623,1867,1705,8,1,-76.0,845.0
1596,1624,1867,1706,9,1,-77.0,845.0
1597,1627,1867,1707,9,1,-77.0,846.0
1598,1626,1867,1708,10,1,-76.0,846.0
1599,1628,1867,1709,10,1,-76.0,847.0
1600,1629,1867,1710,11,1,-76.0,848.0
1601,1631,1867,1711,11,1,-75.0,848.0
1602,1630,1867,1712,12,1,-77.0,849.0
1603,1635,1867,1713,12,1,-75.0,850.0
1604,1633,1867,1714,13,1,-77.0,849.0
1605,1634,1867,1715,13,1,-77.0,851.0
1606,1632,1867,1716,14,1,-76.0,850.0
1607,1636,1867,1717,14,1,-76.0,851.0
1608,1637,1867,1718,15,1,-77.0,852.0
1609,1639,1867,1719,15,1,-77.0,853.0
1610,1638,1867,1720,16,1,-76.0,853.0
1611,1641,1867,1721,16,1,-76.0,852.0
1612,1640,1867,1722,17,1,-77.0,854.0
1613,1642,1867,1723,17,1,-76.0,854.0
1614,1643,1867,1724,18,1,-77.0,856.0
1615,1644,1867,1725,18,1,-79.0,857.0
1616,1645,1867,1726,19,1,-76.0,855.0
1617,1647,1867,1727,19,1,-75.0,855.0
1618,1648,1867,1728,20,1,-76.0,855.0
1619,1646,1867,1729,20,1,-76.0,858.0
1620,1650,1867,1730,21,1,-77.0,858.0
1621,1649,1867,1731,21,1,-78.0,857.0
1622,1651,1867,1732,22,1,-78.0,858.0
1623,1652,1867,1733,22,1,-77.0,859.0
1624,1655,1867,1734,23,1,-78.0,859.0
1625,1653,1867,1735,23,1,-78.0,861.0
1626,1654,1867,1736,23,1,-77.0,860.0
1627,1656,1867,1737,24,1,-78.0,861.0
1628,1657,1867,1738,24,1,-78.0,861.0
1629,1658,1867,1739,25,1,-77.0,861.0
1630,1662,1867,1740,25,1,-78.0,861.0
1631,1659,1867,1741,26,1,-78.0,863.0
1632,1661,1867,1742,26,1,-77.0,865.0
1633,1660,1867,1743,27,1,-78.0,863.0
1634,1663,1867,1744,27,1,-78.0,863.0
1635,1664,1867,1745,28,1,-78.0,865.0
1636,1665,1867,1746,28,1,-76.0,866.0
1637,1666,1867,1747,29,1,-79.0,866.0
1638,1668,1867,1748,29,1,-79.0,867.0
1639,1667,1867,1749,30,2,-76.0,867.0
1640,1669,1867,1750,30,2,-77.0,867.0
1641,1670,1867,1751,31,2,-78.0,867.0
1642,1671,1867,1752,31,2,-80.0,867.0
1643,1672,1867,1753,32,2,-76.0,868.0
1644,1673,1867,1754,32,2,-78.0,870.0
1645,1674,1867,1755,32,2,-77.0,870.0
1646,1675,1867,1756,33,2,-78.0,871.0
1647,1676,1867,1757,33,2,-78.0,871.0
1648,1677,1867,1758,34,2,-78.0,871.0
1649,1678,1867,1759,34,2,-77.0,871.0
1650,1679,1867,1760,35,2,-78.0,872.0
1651,1684,1867,1761,35,2,-77.0,872.0
1652,1687,1867,1762,36,2,-77.0,872.0
1653,1680,1867,1763,36,2,-78.0,873.0
1654,1682,1867,1764,37,2,-79.0,872.0
1655,1690,1867,1765,37,2,-77.0,873.0
1656,1688,1867,1766,38,2,-79.0,873.0
1657,1691,1867,1767,38,2,-77.0,874.0
1658,1683,1867,1768,39,2,-78.0,875.0
1659,1689,1867,1769,39,2,-76.0,875.0
1660,1686,1867,1770,39,2,-79.0,875.0
1661,1692,1867,1771,40,2,-79.0,876.0
1662,1681,1867,1772,40,2,-78.0,876.0
1663,1685,1867,1773,41,2,-78.0,876.0
1664,1693,1867,1774,41,2,-79.0,877.0
1665,1694,1867,1775,42,2,-80.0,877.0
1666,1696,1867,1776,42,2,-79.0,877.0
1667,1695,1867,1777,43,2,-79.0,877.0
1668,1697,1867,1778,43,2,-81.0,877.0
1669,1698,1867,1779,44,2,-78.0,878.0
1670,1699,1867,1780,44,2,-77.0,879.0
1671,1700,1867,1781,45,2,-78.0,879.0
1672,1701,1867,1782,45,2,-78.0,878.0
1673,1703,1867,1783,45,2,-79.0,879.0
1674,1702,1867,1784,46,2,-80.0,883.0
1675,1704,1867,1785,46,2,-77.0,881.0
1676,1705,1867,1787,47,2,-79.0,881.0
1677,1706,1867,1788,48,2,-79.0,881.0
1678,1708,1867,1789,48,2,-79.0,881.0
1679,1707,1867,1790,49,2,-81.0,882.0
1680,1709,1867,1791,49,2,-79.0,882.0
1681,1710,1867,1792,50,2,-80.0,883.0
1682,1711,1867,1793,50,2,-80.0,883.0
1683,1712,1867,1794,50,2,-80.0,883.0
1684,1714,1867,1795,51,2,-81.0,882.0
1685,1715,1867,1796,51,2,-80.0,883.0
1686,1713,1867,1797,52,2,-79.0,884.0
1687,1716,1867,1798,52,2,-79.0,883.0
1688,1717,1867,1799,53,2,-78.0,883.0
1689,1718,1867,1800,53,2,-80.0,883.0
1690,1719,1867,1801,54,2,-80.0,882.0
1691,1722,1867,1802,54,2,-79.0,882.0
1692,1723,1867,1803,55,2,-78.0,882.0
1693,1720,1867,1804,55,2,-78.0,883.0
1694,1721,1867,1805,55,2,-78.0,883.0
1695,1724,1867,1806,56,2,-80.0,884.0
1696,1725,1867,1807,56,2,-78.0,884.0
1697,1726,1867,1808,57,2,-79.0,884.0
1698,1728,1867,1809,57,2,-80.0,884.0
1699,1729,1867,1810,58,2,-78.0,883.0
1700,1727,1867,1811,58,2,-79.0,882.0
1701,1730,1867,1812,59,2,-79.0,882.0
1702,1731,1867,1813,59,2,-80.0,881.0
1703,1732,1867,1814,59,2,-80.0,881.0
1704,1733,1867,1815,60,3,-81.0,881.0
1705,1734,1867,1816,60,3,-82.0,882.0
1706,1735,1867,1817,61,3,-80.0,882.0
1707,1736,1867,1818,61,3,-81.0,881.0
1708,1737,1867,1819,62,3,-82.0,880.0
1709,1738,1867,1820,62,3,-79.0,881.0
1710,1740,1867,1821,63,3,-81.0,882.0
1711,1739,1867,1822,63,3,-78.0,881.0
1712,1743,1867,1823,64,3,-80.0,879.0
1713,1742,1867,1824,64,3,-80.0,879.0
1714,1741,1867,1825,64,3,-80.0,878.0
1715,1744,1867,1826,65,3,-80.0,878.0
1716,1745,1867,1827,65,3,-80.0,879.0
1717,1746,1867,1828,66,3,-80.0,878.0
1718,1749,1867,1829,66,3,-78.0,877.0
1719,1748,1867,1830,67,3,-80.0,877.0
1720,1747,1867,1831,67,3,-80.0,876.0
1721,1750,1867,1832,68,3,-84.0,875.0
1722,1751,1867,1833,68,3,-81.0,875.0
1723,1752,1867,1834,68,3,-80.0,875.0
1724,1753,1867,1835,69,3,-80.0,873.0
1725,1755,1867,1836,69,3,-81.0,873.0
1726,1756,1867,1837,70,3,-81.0,872.0
1727,1754,1867,1838,70,3,-79.0,872.0
1728,1757,1867,1839,71,3,-80.0,872.0
1729,1758,1867,1840,71,3,-77.0,871.0
1730,1759,1867,1841,72,3,-77.0,870.0
1731,1761,1867,1842,72,3,-79.0,869.0
1732,1760,1867,1843,72,3,-80.0,869.0
1733,1762,1867,1844,73,3,-81.0,869.0
1734,1763,1867,1845,73,3,-80.0,868.0
1735,1765,1867,1846,74,3,-80.0,868.0
1736,1764,1867,1847,74,3,-80.0,866.0
1737,1766,1867,1848,75,3,-80.0,865.0
1738,1770,1867,1849,75,3,-80.0,864.0
1739,1768,1867,1850,76,3,-80.0,864.0
1740,1767,1867,1851,76,3,-87.0,864.0
1741,1769,1867,1852,77,3,-80.0,863.0
1742,1771,1867,1853,77,3,-80.0,862.0
1743,1772,1867,1854,77,3,-80.0,861.0
1744,1773,1867,1855,78,3,-78.0,861.0
1745,1774,1867,1856,78,3,-80.0,859.0
1746,1776,1867,1857,79,3,-80.0,858.0
1747,1775,1867,1858,79,3,-81.0,857.0
1748,1779,1867,1859,80,3,-79.0,857.0
1749,1778,1867,1860,80,3,-80.0,857.0
1750,1780,1867,1861,81,3,-79.0,855.0
1751,1777,1867,1862,81,3,-81.0,854.0
1752,1781,1867,1863,81,3,-80.0,853.0
1753,1782,1867,1864,82,3,-82.0,852.0
1754,1783,1867,1865,82,3,-80.0,852.0
1755,1785,1867,1866,83,3,-80.0,850.0
1756,1784,1867,1867,83,3,-78.0,848.0
1757,1786,1867,1868,84,3,-80.0,848.0
1758,1787,1867,1869,84,3,-81.0,846.0
1759,1788,1867,1870,85,3,-81.0,845.0
1760,1789,1867,1871,85,3,-80.0,844.0
1761,1791,1867,1872,86,3,-79.0,843.0
1762,1790,1867,1873,86,3,-79.0,842.0
1763,1792,1867,1874,86,3,-80.0,840.0
1764,1793,1867,1875,87,3,-79.0,839.0
1765,1794,1867,1876,87,3,-79.0,838.0
1766,1797,1867,1877,88,3,-79.0,837.0
1767,1795,1867,1878,88,3,-79.0,835.0
1768,1796,1867,1879,89,3,-79.0,834.0
1769,1798,1867,1880,89,3,-79.0,833.0
1770,1803,1867,1881,90,4,-79.0,832.0
1771,1801,1867,1882,90,4,-78.0,831.0
1772,1800,1867,1883,91,4,-78.0,830.0
1773,1799,1867,1884,91,4,-79.0,829.0
1774,1804,1867,1885,91,4,-79.0,827.0
1775,1805,1867,1886,92,4,-79.0,826.0
1776,1802,1867,1887,92,4,-79.0,824.0
1777,1807,1867,1888,93,4,-79.0,823.0
1778,1806,1867,1889,93,4,-80.0,822.0
1779,1808,1867,1890,94,4,-79.0,821.0
1780,1810,1867,1891,94,4,-80.0,819.0
1781,1809,1867,1892,95,4,-81.0,817.0
1782,1812,1867,1893,95,4,-79.0,816.0
1783,1811,1867,1894,96,4,-79.0,815.0
1784,1814,1867,1895,96,4,-78.0,814.0
1785,1813,1867,1896,96,4,-79.0,812.0
1786,1817,1867,1897,97,4,-80.0,811.0
1787,1816,1867,1898,97,4,-81.0,810.0
1788,1815,1867,1899,98,4,-81.0,808.0
1789,1818,1867,1900,98,4,-81.0,807.0
1790,1819,1867,1901,99,4,-81.0,806.0
1791,1820,1867,1902,99,4,-79.0,804.0
1792,1821,1867,1903,100,4,-78.0,803.0
1793,1822,1867,1904,100,4,-79.0,801.0
1794,1823,1867,1905,101,4,-80.0,800.0
1795,1824,1867,1906,101,4,-79.0,799.0
1796,1825,1867,1907,101,4,-79.0,798.0
1797,1826,1867,1908,102,4,-79.0,796.0
1798,1827,1867,1909,102,4,-80.0,795.0
1799,1828,1867,1910,103,4,-80.0,794.0
1800,1833,1867,1911,103,4,-79.0,792.0
1801,1832,1867,1912,104,4,-80.0,791.0
1802,1830,1867,1913,104,4,-79.0,791.0
1803,1834,1867,1914,105,4,-78.0,790.0
1804,1835,1867,1915,105,4,-78.0,788.0
1805,1829,1867,1916,106,4,-79.0,787.0
1806,1831,1867,1917,106,4,-80.0,786.0
1807,1839,1867,1918,107,4,-77.0,784.0
1808,1836,1867,1919,107,4,-77.0,783.0
1809,1837,1867,1920,108,4,-77.0,782.0
1810,1838,1867,1921,108,4,-78.0,781.0
1811,1840,1867,1922,108,4,-79.0,780.0
1812,1842,1867,1923,109,4,-77.0,778.0
1813,1841,1867,1924,109,4,-78.0,777.0
1814,1844,1867,1925,110,4,-79.0,777.0
1815,1843,1867,1926,110,4,-80.0,775.0
1816,1845,1867,1927,111,4,-79.0,774.0
1817,1847,1867,1928,111,4,-78.0,773.0
1818,1846,1867,1929,112,4,-79.0,771.0
1819,1848,1867,1930,112,4,-79.0,770.0
1820,1849,1867,1931,113,4,-79.0,770.0
1821,1850,1867,1932,113,4,-79.0,768.0
1822,1852,1867,1933,114,4,-78.0,767.0
1823,1851,1867,1934,114,4,-79.0,766.0
1824,1853,1867,1935,115,4,-80.0,765.0
1825,1855,1867,1936,115,4,-79.0,764.0
1826,1854,1867,1937,116,4,-80.0,763.0
1827,1859,1867,1938,116,4,-78.0,762.0
1828,1857,1867,1939,116,4,-78.0,760.0
1829,1858,1867,1940,117,4,-77.0,759.0
1830,1856,1867,1941,117,4,-77.0,758.0
1831,1860,1867,1942,118,4,-78.0,757.0
1832,1863,1867,1943,118,4,-78.0,756.0
1833,1861,1867,1944,119,4,-80.0,755.0
1834,1862,1867,1945,119,4,-78.0,754.0
1835,1864,1867,1946,120,5,-79.0,753.0
1836,1865,1867,1947,120,5,-78.0,751.0
1837,1866,1867,1948,121,5,-78.0,752.0
1838,1867,1867,1949,121,5,-78.0,751.0
1839,1868,1867,1950,122,5,-79.0,750.0
1840,1869,1867,1951,122,5,-77.0,749.0
1841,1871,1867,1952,123,5,-80.0,748.0
1842,1870,1867,1953,123,5,-78.0,747.0
1843,1872,1867,1954,124,5,-77.0,745.0
1844,1873,1867,1955,124,5,-77.0,745.0
1845,1879,1867,1956,125,5,-79.0,744.0
1846,1875,1867,1957,125,5,-77.0,742.0
1847,1874,1867,1958,126,5,-77.0,741.0
1848,1878,1867,1959,126,5,-78.0,740.0
1849,1876,1867,1960,127,5,-78.0,740.0
1850,1877,1867,1961,127,5,-77.0,740.0
1851,1880,1867,1962,128,5,-78.0,738.0
1852,1881,1867,1963,128,5,-77.0,737.0
1853,1882,1867,1964,129,5,-76.0,736.0
1854,1883,1867,1965,129,5,-76.0,735.0
1855,1884,1867,1966,130,5,-77.0,735.0
1856,1885,1867,1967,130,5,-76.0,734.0
1857,1886,1867,1968,131,5,-76.0,732.0
1858,1887,1867,1969,131,5,-76.0,732.0
1859,1888,1867,1970,132,5,-77.0,731.0
1860,1890,1867,1971,132,5,-78.0,731.0
1861,1891,1867,1972,133,5,-78.0,730.0
1862,1889,1867,1973,133,5,-78.0,730.0
1863,1892,1867,1974,134,5,-77.0,729.0
1864,1894,1867,1975,134,5,-76.0,729.0
1865,1893,1867,1976,135,5,-77.0,728.0
1866,1895,1867,1977,135,5,-77.0,727.0
